Player,Season,Position,Team,Did Not Participate In Practice,Full Participation in Practice,Limited Participation in Practice
A'Shawn Robinson,2023,DT,Giants,0,0,5
A.J. Brown,2023,WR,Eagles,1,2,0
A.J. Epenesa,2023,DE,Bills,1,2,1
A.J. Klein,2023,LB,Bills,1,1,0
A.J. Terrell,2023,CB,Falcons,0,1,0
AJ Dillon,2023,RB,Packers,1,1,5
Aaron Banks,2023,G,49ers,3,2,2
Aaron Brewer,2023,C,Titans,0,0,2
Aaron Brewer,2023,DE,Titans,0,0,1
Aaron Brewer,2023,G,Titans,0,1,3
Aaron Donald,2023,DT,Rams,12,0,0
Aaron Jones,2023,RB,49ers,0,0,1
Aaron Jones,2023,RB,Packers,3,0,12
Aaron Rodgers,2023,QB,Jets,1,0,4
Abraham Lucas,2023,T,Seahawks,1,5,1
Adam Butler,2023,DT,Raiders,0,1,1
Adam Prentice,2023,FB,Saints,1,1,0
Adam Thielen,2023,WR,Panthers,9,0,2
Adoree' Jackson,2023,CB,Giants,2,3,2
Adrian Amos,2023,S,Jets,0,0,1
Adrian Amos,2023,S,Texans,1,0,0
Ahkello Witherspoon,2023,CB,Rams,0,2,0
Akayleb Evans,2023,CB,Vikings,1,4,1
Akeem Davis-Gaither,2023,LB,Bengals,4,4,2
Akeem Davis-Gaither,2023,LB,Colts,1,0,0
Alaric Jackson,2023,T,Eagles,0,0,1
Alaric Jackson,2023,T,Rams,3,0,0
Albert Okwuegbunam,2023,TE,Eagles,0,0,1
Alec Ingold,2023,FB,Dolphins,0,2,5
Alec Ingold,2023,RB,Dolphins,0,1,0
Alec Pierce,2023,WR,Colts,0,2,0
Alex Anzalone,2023,LB,Lions,1,1,0
Alex Armah,2023,FB,Commanders,2,1,0
Alex Cappa,2023,G,Bengals,0,1,0
Alex Cook,2023,S,Panthers,0,1,0
Alex Highsmith,2023,LB,Steelers,0,1,1
Alex Palczewski,2023,T,Broncos,0,2,0
Alex Wright,2023,DE,Browns,1,3,1
Alexander Mattison,2023,RB,Vikings,1,2,1
Allen Lazard,2023,WR,Jets,1,1,1
Allen Robinson,2023,WR,Steelers,0,2,0
Alohi Gilman,2023,S,Chargers,2,3,1
Alontae Taylor,2023,CB,Saints,0,0,1
Alvin Kamara,2023,RB,Saints,1,1,0
Amani Hooker,2023,S,Titans,2,2,0
Amare Barno,2023,LB,Panthers,1,2,0
Amari Cooper,2023,WR,Browns,6,7,4
Ambry Thomas,2023,CB,49ers,1,1,2
Ameer Speed,2023,CB,Colts,1,1,0
Amen Ogbongbemiga,2023,LB,Chargers,2,2,1
Amik Robertson,2023,CB,Raiders,0,2,1
Amon-Ra St. Brown,2023,WR,Lions,0,2,0
Amon-Ra St. Brown,2023,WR,Panthers,1,0,0
Andre Chachere,2023,S,Cardinals,0,1,1
Andre Cisco,2023,S,Jaguars,1,1,4
Andre Dillard,2023,T,Titans,1,1,0
Andre James,2023,C,Raiders,1,1,2
Andrei Iosivas,2023,WR,Bengals,1,1,0
Andrew Beck,2023,FB,Texans,1,1,2
Andrew Ogletree,2023,TE,Colts,2,2,0
Andrew Thomas,2023,T,Falcons,1,0,0
Andrew Thomas,2023,T,Giants,3,2,5
Andrew Van Ginkel,2023,LB,Dolphins,0,4,1
Andrew Wingard,2023,S,Jaguars,0,1,1
Andrew Wylie,2023,T,Commanders,0,0,1
Andrus Peat,2023,G,Saints,1,4,3
Andy Dalton,2023,QB,Panthers,0,1,0
Anfernee Jennings,2023,LB,Patriots,0,0,2
Anthony Bradford,2023,G,Seahawks,1,8,1
Anthony Johnson Jr.,2023,CB,Packers,0,1,0
Anthony Johnson Jr.,2023,S,Packers,0,1,0
Anthony Kendall,2023,CB,Titans,0,1,6
Anthony McFarland,2023,RB,Steelers,1,3,0
Anthony Nelson,2023,LB,Buccaneers,0,3,0
Anthony Richardson,2023,QB,Colts,1,1,0
Anthony Walker,2023,LB,Browns,3,5,3
Antoine Green,2023,WR,Lions,0,1,0
Antoine Winfield Jr.,2023,S,Buccaneers,1,1,0
Anton Harrison,2023,T,Jaguars,0,0,2
Antonio Gibson,2023,RB,Commanders,1,0,1
Antonio Hamilton,2023,CB,Cardinals,3,1,2
Antonio Johnson,2023,S,Jaguars,3,0,2
Arden Key,2023,LB,Titans,0,2,0
Arik Armstead,2023,DT,49ers,4,0,1
Arthur Maulet,2023,CB,Ravens,1,2,0
Artie Burns,2023,CB,Seahawks,2,3,0
Ashtyn Davis,2023,S,Jets,0,1,0
Austin Corbett,2023,G,Dolphins,0,1,0
Austin Corbett,2023,G,Panthers,0,4,0
Austin Ekeler,2023,RB,Chargers,2,2,1
Austin Faoliu,2023,DT,Seahawks,0,2,0
Austin Hooper,2023,TE,Raiders,0,1,0
Austin Jackson,2023,T,Dolphins,0,0,4
Austin Trammell,2023,WR,Rams,0,1,0
Avonte Maddox,2023,CB,Eagles,0,2,0
Azeez Al-Shaair,2023,LB,Titans,0,2,0
Azeez Ojulari,2023,DE,Falcons,0,0,1
Azeez Ojulari,2023,DE,Giants,1,2,4
B.J. Hill,2023,DT,Bengals,0,3,0
BJ Thompson,2023,DE,Chiefs,0,1,0
Baker Mayfield,2023,QB,Buccaneers,0,4,1
Bam Knight,2023,RB,Lions,1,0,0
Baron Browning,2023,LB,Broncos,1,7,1
Baron Browning,2023,LB,Jets,0,0,1
Baylon Spector,2023,LB,Bills,2,2,0
Ben Bartch,2023,G,49ers,0,1,0
Ben Bredeson,2023,G,Giants,1,2,0
Ben Cleveland,2023,G,Ravens,0,1,0
Ben Powers,2023,G,Broncos,0,1,1
Ben Skowronek,2023,WR,Eagles,0,1,0
Ben Skowronek,2023,WR,Rams,0,4,4
Benito Jones,2023,DT,Lions,0,2,0
Benjamin St-Juste,2023,CB,Commanders,1,6,0
Bernhard Raimann,2023,T,Colts,1,2,0
Bernhard Raimann,2023,T,Titans,0,0,1
Bilal Nichols,2023,DT,Raiders,0,1,1
Billy Turner,2023,T,Jets,2,4,0
Billy Turner,2023,T,Vikings,1,0,0
Blaine Gabbert,2023,QB,Chiefs,1,0,0
Blake Cashman,2023,LB,Texans,3,6,0
Blake Ferguson,2023,LS,Dolphins,0,0,1
Blake Freeland,2023,T,Colts,1,0,0
Blake Gillikin,2023,P,Cardinals,0,0,1
Blake Grupe,2023,K,Saints,0,2,1
Blake Lynch,2023,LB,Chargers,0,0,1
Bobby Brown III,2023,DT,Rams,1,1,0
Bobby McCain,2023,S,Giants,0,1,0
Bobby Okereke,2023,LB,Giants,0,0,2
Bobby Price,2023,CB,Cardinals,0,1,2
Bobby Wagner,2023,LB,Seahawks,3,1,0
Boston Scott,2023,RB,Eagles,1,1,1
Boye Mafe,2023,LB,Seahawks,1,3,0
Braden Smith,2023,T,Colts,9,3,0
Bradley Bozeman,2023,C,Panthers,0,2,0
Bradley Chubb,2023,LB,Dolphins,0,1,0
Bradley Pinion,2023,P,Falcons,1,0,0
Bradley Roby,2023,CB,Eagles,3,1,0
Brady Russell,2023,TE,Seahawks,0,1,0
Brandin Cooks,2023,WR,Cowboys,2,1,5
Brandin Echols,2023,CB,Jets,1,1,0
Brandin Echols,2023,CB,Vikings,1,0,0
Brandon Aiyuk,2023,WR,49ers,0,1,1
Brandon Bolden,2023,RB,Raiders,0,1,0
Brandon Facyson,2023,CB,Raiders,1,3,0
Brandon Johnson,2023,WR,Broncos,1,1,0
Brandon Jones,2023,S,Dolphins,1,2,0
Brandon Powell,2023,WR,Vikings,0,1,0
Brandon Scherff,2023,G,Jaguars,1,1,2
Brandon Stephens,2023,CB,Ravens,1,0,0
Braxton Berrios,2023,WR,Dolphins,1,2,2
Braxton Berrios,2023,WR,Giants,0,1,0
Braxton Jones,2023,T,Bears,0,1,1
Breece Hall,2023,RB,Jets,0,6,1
Brenden Schooler,2023,S,Patriots,1,0,0
Brent Urban,2023,DE,Ravens,0,1,0
Brenton Strange,2023,TE,Jaguars,2,0,3
Brevin Jordan,2023,TE,Texans,3,2,0
Brian Allen,2023,C,Eagles,1,0,0
Brian Allen,2023,C,Rams,12,1,0
Brian Asamoah,2023,LB,Chiefs,0,0,1
Brian Asamoah,2023,LB,Vikings,1,2,2
Brian Branch,2023,CB,Panthers,1,0,0
Brian Branch,2023,S,Lions,1,2,0
Brian Burns,2023,LB,Panthers,2,5,1
Brian Hoyer,2023,QB,Raiders,0,0,1
Brian O'Neill,2023,T,Chiefs,1,0,0
Brian O'Neill,2023,T,Vikings,1,1,1
Brian Robinson,2023,RB,Commanders,2,1,1
Britain Covey,2023,WR,Cardinals,0,1,0
Britain Covey,2023,WR,Eagles,0,2,0
Brock Purdy,2023,QB,49ers,0,3,0
Brock Wright,2023,TE,Lions,2,1,0
Broderick Jones,2023,T,Steelers,0,1,0
Broderick Washington,2023,DE,Ravens,0,1,0
Bryan Anger,2023,P,Cowboys,1,0,0
Bryan Bresee,2023,DT,Saints,0,1,0
Bryan Cook,2023,S,Chiefs,1,3,0
Bryce Young,2023,QB,Panthers,1,3,0
Bud Dupree,2023,LB,Falcons,0,1,3
Budda Baker,2023,S,Cardinals,0,0,2
Byron Murphy,2023,CB,Vikings,2,1,0
Byron Young,2023,DT,Raiders,0,0,1
Byron Young,2023,LB,Rams,0,1,1
C.J. Beathard,2023,QB,Jaguars,0,4,0
C.J. Gardner-Johnson,2023,S,Lions,0,0,2
C.J. Goodwin,2023,CB,Cowboys,1,0,0
C.J. Henderson,2023,CB,Panthers,2,3,0
C.J. Stroud,2023,QB,Texans,2,3,1
Cade Mays,2023,G,Panthers,0,3,0
Calais Campbell,2023,DE,Falcons,13,1,0
Caleb Farley,2023,CB,Titans,0,0,2
Caleb Jones,2023,T,Packers,0,1,0
Caleb Murphy,2023,LB,Titans,0,0,1
Calijah Kancey,2023,DE,Buccaneers,0,0,1
Calijah Kancey,2023,DT,Buccaneers,3,2,0
Calvin Anderson,2023,T,Patriots,2,0,0
Calvin Austin III,2023,WR,Steelers,0,1,0
Calvin Throckmorton,2023,G,Panthers,0,2,0
Cam Gill,2023,LB,Buccaneers,1,0,0
Cam Jones,2023,LB,Chiefs,0,1,0
Cam Jurgens,2023,G,Cardinals,1,0,0
Cam Jurgens,2023,G,Eagles,1,3,1
Cam Lewis,2023,CB,Bills,1,3,0
Cam Robinson,2023,T,Jaguars,0,2,1
Cam Smith,2023,CB,Dolphins,0,0,2
Cam Taylor-Britt,2023,CB,Bengals,2,3,0
Cam Taylor-Britt,2023,CB,Colts,0,1,0
Cameron Brown,2023,LB,Giants,0,1,2
Cameron Heyward,2023,DT,Steelers,0,6,5
Cameron Johnston,2023,P,Texans,0,1,0
Cameron Jordan,2023,DE,Saints,1,2,4
Cameron McGrone,2023,LB,Colts,1,0,0
Cameron Mitchell,2023,CB,Browns,0,2,0
Cameron Sample,2023,DE,Bengals,0,4,0
Cameron Sutton,2023,CB,Lions,1,1,0
Cameron Thomas,2023,LB,Cardinals,0,1,1
Cameron Young,2023,DT,Seahawks,0,1,0
Carl Granderson,2023,DE,Saints,0,1,0
Carlos Watkins,2023,DE,Cardinals,1,0,0
Carlton Davis,2023,CB,Buccaneers,3,4,3
Carrington Valentine,2023,CB,49ers,0,1,0
Carrington Valentine,2023,CB,Packers,0,0,1
Carter Coughlin,2023,LB,Giants,0,2,0
Carter O'Donnell,2023,T,Cardinals,0,0,1
Carter Warren,2023,T,Jets,1,1,1
Carter Warren,2023,T,Vikings,0,1,0
Case Keenum,2023,QB,Texans,1,0,0
Cedric Tillman,2023,WR,Browns,2,2,1
CeeDee Lamb,2023,WR,Broncos,0,1,0
CeeDee Lamb,2023,WR,Cowboys,1,1,0
Cesar Ruiz,2023,G,Saints,1,0,0
Chamarri Conner,2023,CB,Chiefs,0,1,0
Chance Campbell,2023,LB,Titans,1,0,0
Chandler Jones,2023,DE,Raiders,2,0,0
Chandler Wooten,2023,LB,Panthers,1,2,0
Chandler Zavala,2023,G,Panthers,2,2,0
Charles Cross,2023,T,Seahawks,3,3,0
Charles Leno Jr.,2023,T,Commanders,2,2,0
Charles Omenihu,2023,DE,Chiefs,0,2,0
Charlie Heck,2023,T,Texans,0,3,0
Charlie Jones,2023,WR,Bengals,1,2,0
Charlie Kolar,2023,TE,Ravens,1,0,0
Charvarius Ward,2023,CB,49ers,0,0,2
Charvarius Ward,2023,CB,Cowboys,0,1,0
Chase Brown,2023,RB,Bengals,1,3,0
Chase Claypool,2023,WR,Bears,1,0,0
Chase Claypool,2023,WR,Dolphins,1,2,1
Chase Edmonds,2023,RB,Buccaneers,0,1,0
Chase Young,2023,DE,Commanders,0,1,1
Chazz Surratt,2023,LB,Jets,3,1,0
Chidobe Awuzie,2023,CB,Bengals,0,3,5
Chidobe Awuzie,2023,CB,Colts,1,0,0
Chig Okonkwo,2023,TE,Titans,1,0,1
Chris Board,2023,LB,Patriots,0,0,2
Chris Brooks,2023,RB,Dolphins,1,1,3
Chris Evans,2023,RB,Bengals,0,0,1
Chris Godwin,2023,WR,Buccaneers,1,5,1
Chris Hubbard,2023,T,Titans,2,1,0
Chris Jones,2023,DT,Chiefs,0,0,2
Chris Jones,2023,DT,Rams,0,1,0
Chris Lindstrom,2023,G,Falcons,0,2,1
Chris Manhertz,2023,TE,Broncos,0,5,1
Chris Moore,2023,WR,Titans,0,2,1
Chris Olave,2023,WR,Saints,2,4,1
Chris Paul,2023,G,Commanders,0,1,0
Chris Reed,2023,G,Vikings,0,3,1
Chris Rodriguez Jr.,2023,RB,Commanders,3,0,1
Chris Rumph II,2023,DE,Chargers,0,1,1
Chris Rumph II,2023,LB,Chargers,1,0,0
Chris Smith II,2023,S,Raiders,0,1,0
Christian Barmore,2023,DT,Patriots,1,0,12
Christian Benford,2023,CB,Bills,1,2,2
Christian Braswell,2023,CB,Jaguars,2,0,4
Christian Darrisaw,2023,T,Vikings,0,3,1
Christian Gonzalez,2023,CB,Patriots,1,0,0
Christian Harris,2023,LB,Texans,1,3,0
Christian Holmes,2023,CB,Commanders,1,2,0
Christian Izien,2023,S,Buccaneers,1,1,0
Christian Kirk,2023,WR,Jaguars,1,0,0
Christian McCaffrey,2023,RB,49ers,1,1,1
Christian McCaffrey,2023,RB,Cowboys,1,0,0
Christian Rozeboom,2023,LB,Eagles,0,1,0
Christian Rozeboom,2023,LB,Rams,0,1,0
Christian Watson,2023,WR,49ers,0,0,1
Christian Watson,2023,WR,Packers,5,3,5
Christian Wilkins,2023,DE,Dolphins,0,1,0
Christopher Hinton,2023,DT,Chargers,0,0,1
Chuba Hubbard,2023,RB,Panthers,0,1,0
Chukwuma Okorafor,2023,T,Steelers,0,3,0
Chuma Edoga,2023,T,Broncos,0,1,0
Chuma Edoga,2023,T,Cowboys,1,3,1
Claudin Cherelus,2023,LB,Dolphins,0,1,0
Claudin Cherelus,2023,LB,Panthers,1,2,0
Clelin Ferrell,2023,DE,49ers,0,1,0
Clyde Edwards-Helaire,2023,RB,Chiefs,3,2,0
Cobie Durant,2023,CB,Rams,0,2,2
Coby Bryant,2023,CB,Seahawks,3,1,0
Cody Barton,2023,LB,Commanders,1,2,0
Cody Davis,2023,S,Patriots,1,0,3
Cody Mauch,2023,G,Buccaneers,1,2,0
Cody Thompson,2023,WR,Seahawks,0,1,0
Colby Parkinson,2023,TE,Seahawks,0,3,0
Cole Holcomb,2023,LB,Steelers,0,2,0
Cole Kmet,2023,TE,Bears,0,2,2
Cole Strange,2023,G,Patriots,0,1,7
Cole Turner,2023,TE,Commanders,0,1,0
Coleman Shelton,2023,C,Rams,0,1,1
Colton Dowell,2023,WR,Titans,0,1,0
Colton McKivitz,2023,T,49ers,0,1,0
Connor Heyward,2023,TE,Steelers,0,1,0
Connor Williams,2023,C,Dolphins,1,3,4
Connor Williams,2023,C,Giants,0,0,1
Conor McDermott,2023,T,Patriots,1,0,0
Cooper Kupp,2023,WR,Eagles,0,1,0
Cooper Kupp,2023,WR,Rams,2,2,0
Cooper Rush,2023,QB,Cowboys,1,0,0
Cordale Flott,2023,CB,Giants,0,4,2
Cordarrelle Patterson,2023,RB,Falcons,6,1,3
Corey Ballentine,2023,CB,Packers,0,1,0
Corey Bojorquez,2023,P,Browns,1,1,0
Corey Linsley,2023,C,Chargers,1,0,0
Courtland Sutton,2023,WR,Broncos,1,0,0
Craig Reynolds,2023,RB,Lions,0,0,1
Curtis Bolton,2023,LB,Raiders,1,2,1
Curtis Hodges,2023,TE,Commanders,1,1,0
Curtis Samuel,2023,WR,Commanders,2,3,4
D'Andre Swift,2023,RB,Eagles,0,3,0
D'Ante Smith,2023,G,Bengals,0,1,0
D'Ante Smith,2023,T,Bengals,2,0,1
D'Ernest Johnson,2023,RB,Jaguars,0,0,2
D'Onta Foreman,2023,RB,Bears,0,2,3
D'Shawn Jamison,2023,CB,Panthers,1,0,0
D'Wayne Eskridge,2023,WR,Seahawks,4,1,1
D.J. Humphries,2023,T,Cardinals,1,0,1
D.J. Jones,2023,DT,Broncos,1,3,0
D.J. Montgomery,2023,WR,Colts,0,1,0
D.J. Reader,2023,DT,Bengals,1,2,0
D.J. Reed,2023,CB,Jets,1,1,0
D.J. Reed,2023,CB,Vikings,1,0,0
DJ Chark,2023,WR,Panthers,1,3,2
DJ Davidson,2023,DT,Giants,1,2,1
DJ Johnson,2023,LB,Panthers,2,1,0
DJ Moore,2023,WR,Bears,0,1,0
DJ Turner,2023,WR,Raiders,0,0,2
DJ Turner II,2023,CB,Bengals,0,2,0
DK Metcalf,2023,WR,Seahawks,1,7,1
DaQuan Jones,2023,DT,Bills,1,1,1
DaVon Hamilton,2023,DT,Jaguars,0,2,1
Daiyan Henley,2023,LB,Chargers,1,1,1
Dallas Goedert,2023,TE,Eagles,2,1,2
Dallis Flowers,2023,CB,Colts,0,1,1
Dalton Kincaid,2023,TE,Bills,0,2,3
Dalton Risner,2023,G,Vikings,0,1,0
Dalton Schultz,2023,TE,Texans,2,3,0
Dalvin Cook,2023,RB,Jets,0,0,1
Dalvin Tomlinson,2023,DT,Browns,2,0,0
Damar Hamlin,2023,S,Bills,0,2,1
Damarion Williams,2023,CB,Ravens,0,2,0
Damarri Mathis,2023,CB,Broncos,1,0,0
Dameon Pierce,2023,RB,Texans,2,2,1
Damien Harris,2023,RB,Bills,1,1,0
Damien Lewis,2023,G,Seahawks,1,7,0
Damone Clark,2023,LB,Broncos,0,0,1
Damone Clark,2023,LB,Cowboys,0,1,0
Damontae Kazee,2023,S,Steelers,0,3,0
Dan Feeney,2023,C,Bears,0,0,2
Dan Moore Jr.,2023,T,Steelers,1,1,0
Dan Skipper,2023,T,Lions,0,1,0
Dane Belton,2023,S,Giants,0,1,0
Dane Jackson,2023,CB,Bills,1,2,1
Daniel Bellinger,2023,TE,Falcons,0,0,1
Daniel Bellinger,2023,TE,Giants,1,1,0
Daniel Brunskill,2023,C,Titans,0,2,0
Daniel Brunskill,2023,G,Titans,1,0,4
Daniel Carlson,2023,K,Raiders,0,1,2
Daniel Jones,2023,QB,Giants,1,1,2
Daniel Thomas,2023,S,Jaguars,0,0,1
Daniel Whelan,2023,P,Packers,0,2,0
Danielle Hunter,2023,DE,Vikings,0,1,0
Danny Gray,2023,WR,49ers,0,1,0
Dante Fowler Jr.,2023,DE,Cowboys,0,1,0
Dare Ogunbowale,2023,RB,Texans,0,1,1
Dareke Young,2023,WR,Seahawks,2,2,1
Darius Harris,2023,LB,Chiefs,0,1,0
Darius Slay,2023,CB,Eagles,4,3,0
Darius Slayton,2023,WR,Giants,0,0,1
Darnell Mooney,2023,WR,Bears,1,2,0
Darnell Savage,2023,S,Packers,2,2,4
Darnell Washington,2023,TE,Steelers,0,2,0
Darnell Wright,2023,T,Bears,0,2,0
Daron Payne,2023,DT,Commanders,0,1,0
Darrell Luter Jr.,2023,CB,49ers,1,3,0
Darrell Taylor,2023,LB,Seahawks,0,3,0
Darren Waller,2023,TE,Giants,1,2,5
Daryl Worley,2023,S,Ravens,1,2,0
Davante Adams,2023,WR,Packers,0,0,1
Davante Adams,2023,WR,Raiders,2,4,0
David Andrews,2023,C,Patriots,1,1,2
David Bakhtiari,2023,T,Packers,4,0,0
David Bell,2023,WR,Browns,2,2,0
David Long,2023,CB,Packers,0,0,1
David Long,2023,CB,Raiders,0,1,0
David Long,2023,LB,Dolphins,0,1,0
David Mayo,2023,LB,Commanders,0,1,0
David Montgomery,2023,RB,Lions,3,2,1
David Njoku,2023,TE,Browns,0,10,3
David Ojabo,2023,LB,Ravens,1,0,0
David Onyemata,2023,DT,Falcons,2,2,3
David Sharpe,2023,T,Panthers,0,0,1
Davon Godchaux,2023,DT,Patriots,1,1,4
Dawand Jones,2023,T,Browns,2,2,2
Dawson Knox,2023,TE,Bills,1,7,1
Dawuane Smoot,2023,DE,Jaguars,0,1,0
Dawuane Smoot,2023,LB,Jaguars,0,0,1
Dax Milne,2023,WR,Commanders,1,0,0
Daxton Hill,2023,S,Bengals,0,1,0
Dayo Odeyingbo,2023,DE,Colts,0,1,0
De'Jon Harris,2023,LB,Commanders,1,1,0
De'Von Achane,2023,RB,Dolphins,0,6,4
De'Vondre Campbell,2023,LB,49ers,1,0,0
De'Vondre Campbell,2023,LB,Packers,3,3,3
DeAndre Carter,2023,WR,Raiders,0,1,1
DeAndre Hopkins,2023,WR,Lions,0,1,0
DeAndre Hopkins,2023,WR,Titans,3,11,1
DeAndre Houston-Carson,2023,S,Texans,0,0,0
DeForest Buckner,2023,DT,Colts,9,0,1
DeForest Buckner,2023,DT,Titans,0,1,0
DeMarcco Hellams,2023,S,Falcons,1,1,0
DeMarcus Walker,2023,DE,Bears,0,2,0
DeMarvin Leal,2023,DE,Steelers,1,0,0
DeShawn Williams,2023,DE,Dolphins,0,1,0
DeShawn Williams,2023,DE,Panthers,2,1,0
DeShawn Williams,2023,DT,Panthers,0,1,0
DeShon Elliott,2023,S,Dolphins,2,1,1
DeShon Elliott,2023,S,Giants,0,1,0
DeVante Parker,2023,WR,Patriots,2,0,6
DeVonta Smith,2023,WR,Eagles,1,3,3
Dean Lowry,2023,DE,Vikings,1,1,1
Deane Leonard,2023,CB,Chargers,5,0,3
Deatrich Wise,2023,DE,Patriots,1,0,5
Dee Alford,2023,CB,Falcons,1,1,0
Dee Delaney,2023,CB,Buccaneers,1,0,0
DeeJay Dallas,2023,RB,Seahawks,1,2,0
Deebo Samuel Sr.,2023,WR,49ers,2,2,1
Deebo Samuel Sr.,2023,WR,Cowboys,0,1,0
Del'Shawn Phillips,2023,LB,Ravens,1,0,0
Delarrin Turner-Yell,2023,S,Broncos,0,1,0
Demarcus Lawrence,2023,DE,Broncos,1,0,0
Demarcus Lawrence,2023,DE,Cowboys,5,0,3
Demario Davis,2023,LB,Saints,1,1,2
Demario Douglas,2023,WR,Patriots,3,0,3
Demetrius Flannigan-Fowles,2023,LB,49ers,2,2,1
Denico Autry,2023,DE,Lions,0,1,0
Denico Autry,2023,DE,Titans,1,10,2
Dennis Daley,2023,T,Bengals,0,1,0
Dennis Daley,2023,T,Cardinals,0,1,0
Dennis Gardeck,2023,LB,Cardinals,0,1,0
Denzel Perryman,2023,DT,Texans,0,1,0
Denzel Perryman,2023,LB,Texans,2,6,1
Denzel Ward,2023,CB,Browns,2,4,3
Deommodore Lenoir,2023,CB,49ers,0,1,0
Deon Bush,2023,S,Chiefs,0,1,0
Deon Jackson,2023,RB,Giants,0,1,1
Deonte Banks,2023,CB,Giants,0,3,1
Deonte Harty,2023,WR,Bills,0,1,0
Derek Barnett,2023,DE,Eagles,1,0,0
Derek Carr,2023,QB,Saints,0,4,2
Derek Stingley Jr.,2023,CB,Texans,1,1,0
Derick Hall,2023,LB,Seahawks,0,4,1
Derion Kendrick,2023,CB,Rams,0,0,1
Derrek Pitts,2023,CB,Buccaneers,1,1,0
Derrick Barnes,2023,LB,Lions,0,1,1
Derrick Brown,2023,DE,Panthers,0,0,1
Derrick Henry,2023,RB,Lions,0,1,0
Derrick Henry,2023,RB,Titans,0,12,1
Derwin James,2023,S,Chargers,2,1,0
Deshaun Watson,2023,QB,Browns,2,3,1
Desjuan Johnson,2023,DT,Eagles,0,0,1
Desmond Ridder,2023,QB,Falcons,0,1,0
Deven Thompkins,2023,WR,Buccaneers,0,1,0
Devin Bush,2023,LB,Seahawks,0,1,1
Devin Duvernay,2023,WR,Ravens,1,2,0
Devin Harper,2023,LB,Bengals,0,3,0
Devin Lloyd,2023,LB,Jaguars,2,0,1
Devin White,2023,LB,Buccaneers,2,4,3
Devon Witherspoon,2023,CB,Seahawks,1,1,3
Devonte Wyatt,2023,DE,Packers,0,2,2
Dexter Lawrence,2023,DT,Giants,1,4,4
Dillon Radunz,2023,T,Titans,0,2,0
Dion Dawkins,2023,T,Bills,0,2,0
Diontae Johnson,2023,WR,Steelers,1,5,0
Divine Deablo,2023,LB,Raiders,2,2,1
Donald Parham,2023,TE,Chargers,0,4,1
Donovan Peoples-Jones,2023,WR,Lions,0,1,1
Donovan Smith,2023,T,Chiefs,4,4,0
Donovan Wilson,2023,S,Cowboys,1,2,1
Dontayvion Wicks,2023,WR,Packers,1,1,4
Donte Jackson,2023,CB,Dolphins,0,1,0
Donte Jackson,2023,CB,Panthers,0,3,0
Dorance Armstrong,2023,DE,Cowboys,0,1,0
Dorian Thompson-Robinson,2023,QB,Browns,2,1,0
Dorian Williams,2023,LB,Bills,0,3,0
Doug Kramer,2023,C,Bears,0,2,0
Drake Jackson,2023,DE,49ers,1,0,0
Drake London,2023,WR,Falcons,1,1,0
Dre Greenlaw,2023,LB,49ers,1,3,4
Dre Greenlaw,2023,LB,Cowboys,0,1,0
Dre'Mont Jones,2023,DE,Seahawks,2,2,0
Drew Dalman,2023,C,Falcons,0,2,2
Drew Lock,2023,QB,Seahawks,0,0,1
Drew Sample,2023,TE,Bengals,0,1,0
Drue Tranquill,2023,LB,Chiefs,1,3,0
Drue Tranquill,2023,LB,Rams,0,1,0
Duane Brown,2023,T,Jets,3,6,0
Durham Smythe,2023,TE,Dolphins,0,1,6
Duron Harmon,2023,S,Browns,0,1,0
Dustin Hopkins,2023,K,Browns,3,1,0
Dwayne Washington,2023,RB,Broncos,2,1,0
Dylan Cole,2023,LB,Bears,0,2,1
Dylan Horton,2023,DE,Texans,1,1,0
Dylan Parham,2023,G,Raiders,0,0,2
E.J. Speed,2023,LB,Colts,0,1,1
Ed Ingram,2023,G,Vikings,0,1,1
Ed Oliver,2023,DT,Bills,1,0,1
Eddie Jackson,2023,S,Bears,4,3,1
Efe Obada,2023,DE,Commanders,1,1,0
Elandon Roberts,2023,LB,Steelers,1,3,1
Elgton Jenkins,2023,G,49ers,0,0,1
Elgton Jenkins,2023,G,Packers,3,1,10
Eli Apple,2023,CB,Dolphins,0,1,0
Eli Ricks,2023,CB,Eagles,0,1,0
Elijah Campbell,2023,S,Dolphins,1,2,2
Elijah Higgins,2023,TE,Cardinals,0,0,1
Elijah Mitchell,2023,RB,49ers,3,1,2
Elijah Mitchell,2023,RB,Cowboys,1,0,0
Elijah Molden,2023,CB,Lions,0,1,0
Elijah Molden,2023,CB,Titans,2,1,0
Elijah Riley,2023,S,Steelers,0,1,0
Elijah Wilkinson,2023,G,Cardinals,2,1,1
Emanuel Wilson,2023,RB,Packers,1,2,1
Emari Demercado,2023,RB,Cardinals,3,1,1
Emmanuel Forbes,2023,CB,Commanders,2,4,0
Emmanuel Moseley,2023,CB,Lions,3,0,2
Emmanuel Moseley,2023,CB,Panthers,0,1,0
Emmanuel Ogbah,2023,DE,Dolphins,0,0,1
Equanimeous St. Brown,2023,WR,Bears,4,2,0
Eric Garror,2023,CB,Titans,0,1,0
Eric Gray,2023,RB,Giants,0,1,0
Eric Johnson,2023,DT,Colts,0,3,0
Eric Kendricks,2023,LB,Chargers,2,3,0
Eric Murray,2023,S,Texans,0,1,0
Eric Stokes,2023,CB,49ers,0,0,1
Eric Stokes,2023,CB,Packers,0,2,2
Erik Ezukanma,2023,WR,Dolphins,1,0,0
Erik McCoy,2023,C,Saints,0,2,2
Ernest Jones,2023,LB,Rams,3,1,4
Essang Bassey,2023,CB,Chargers,0,1,0
Ethan Evans,2023,P,Rams,0,1,0
Ethan Pocic,2023,C,Browns,1,3,1
Evan Brown,2023,C,Seahawks,2,4,1
Evan Neal,2023,T,Falcons,0,0,1
Evan Neal,2023,T,Giants,7,0,3
Ezekiel Elliott,2023,RB,Patriots,1,0,2
Ezra Cleveland,2023,G,Jaguars,0,0,4
Ezra Cleveland,2023,G,Vikings,1,0,1
Fletcher Cox,2023,DT,Cardinals,1,0,0
Fletcher Cox,2023,DT,Eagles,1,3,2
Foley Fatukasi,2023,DT,Jaguars,0,0,4
Foster Moreau,2023,TE,Saints,1,1,1
Frank Clark,2023,LB,Broncos,4,0,0
Frank Clark,2023,LB,Jets,0,1,0
Frank Clark,2023,LB,Seahawks,2,0,0
Frank Ragnow,2023,C,Lions,4,12,0
Frank Ragnow,2023,C,Panthers,1,0,0
Frankie Luvu,2023,LB,Dolphins,0,0,1
Frankie Luvu,2023,LB,Panthers,0,2,4
Gabe Davis,2023,WR,Bills,1,0,0
Garett Bolles,2023,T,Broncos,0,2,1
Garrett Bradbury,2023,C,Chiefs,0,1,0
Garrett Bradbury,2023,C,Vikings,1,0,2
Garrett Williams,2023,CB,Bengals,0,0,1
Garrett Williams,2023,CB,Cardinals,1,0,3
Garrett Wilson,2023,WR,Jets,0,1,1
Gary Brightwell,2023,RB,Falcons,0,0,1
Gary Brightwell,2023,RB,Giants,1,2,2
Geno Smith,2023,QB,Seahawks,1,3,1
Geno Stone,2023,S,Ravens,0,1,0
Geoff Swaim,2023,TE,Cardinals,0,0,2
George Fant,2023,T,Texans,1,9,1
George Karlaftis,2023,DE,Chiefs,0,1,1
George Karlaftis,2023,DE,Rams,0,1,0
George Kittle,2023,TE,49ers,1,1,1
George Odum,2023,S,49ers,0,2,0
George Pickens,2023,WR,Steelers,0,1,1
Gerald Everett,2023,TE,Chargers,1,6,0
Germaine Pratt,2023,LB,Bengals,1,0,0
Geron Christian,2023,T,Browns,0,3,1
Gervarrius Owens,2023,S,Giants,0,1,1
Giovanni Ricci,2023,TE,Dolphins,0,1,0
Giovanni Ricci,2023,TE,Panthers,1,0,0
Graham Gano,2023,K,Giants,1,2,1
Graham Glasgow,2023,G,Lions,0,1,0
Grant Calcaterra,2023,TE,Eagles,1,2,2
Grant Delpit,2023,S,Browns,1,4,1
Grant Stuard,2023,LB,Colts,0,0,1
Grayland Arnold,2023,S,Texans,1,1,0
Greg Dortch,2023,WR,Cardinals,1,0,2
Greg Dulcich,2023,TE,Broncos,5,2,0
Greg Joseph,2023,K,Vikings,1,0,0
Greg Newsome II,2023,CB,Browns,2,4,2
Greg Rousseau,2023,DE,Bills,1,2,0
Greg Van Roten,2023,G,Raiders,1,0,2
Greg Zuerlein,2023,K,Jets,1,2,1
Gregory Junior,2023,CB,Jaguars,1,2,0
Grover Stewart,2023,DT,Colts,2,2,0
Gunner Olszewski,2023,WR,Steelers,1,1,0
Gus Edwards,2023,RB,Ravens,0,2,0
Halapoulivaati Vaitai,2023,G,Lions,3,0,1
Halapoulivaati Vaitai,2023,G,Panthers,0,1,0
Harold Landry,2023,LB,Titans,0,3,0
Harrison Bryant,2023,TE,Browns,0,1,1
Harrison Butker,2023,K,Chiefs,0,1,0
Harrison Phillips,2023,DT,Vikings,0,1,1
Harrison Smith,2023,S,Chiefs,1,0,0
Harrison Smith,2023,S,Vikings,1,0,0
Hassan Ridgeway,2023,DT,Texans,0,1,0
Hayden Hurst,2023,TE,Panthers,4,1,1
Hendon Hooker,2023,QB,Lions,0,3,0
Henry To'oTo'o,2023,LB,Texans,2,1,1
Hjalte Froholdt,2023,C,Bengals,0,1,0
Hunter Henry,2023,TE,Patriots,0,1,3
Hunter Long,2023,TE,Rams,1,3,0
Hunter Luepke,2023,RB,Cowboys,0,1,0
Ian Thomas,2023,TE,Panthers,1,2,1
Ifeatu Melifonwu,2023,S,Lions,0,4,0
Ihmir Smith-Marsette,2023,WR,Panthers,0,1,0
Ikem Ekwonu,2023,T,Panthers,0,1,1
Irv Smith,2023,TE,Bengals,1,0,1
Irv Smith,2023,TE,Colts,0,1,0
Irvin Charles,2023,WR,Jets,1,1,0
Isaac Seumalo,2023,G,Steelers,10,2,0
Isaiah Buggs,2023,DT,Lions,1,2,0
Isaiah Foskey,2023,DE,Saints,4,0,2
Isaiah McDuffie,2023,LB,Packers,0,1,0
Isaiah McKenzie,2023,WR,Colts,0,1,0
Isaiah Oliver,2023,CB,49ers,0,1,0
Isaiah Simmons,2023,LB,Giants,0,0,2
Isaiah Spiller,2023,RB,Chargers,1,0,0
Isiah Pacheco,2023,RB,Chiefs,2,3,2
Israel Abanikanda,2023,RB,Jets,0,0,3
Ivan Pace Jr.,2023,LB,Vikings,0,1,1
J.C. Jackson,2023,CB,Patriots,1,0,0
J.J. Russell,2023,LB,Buccaneers,1,0,0
J.T. Gray,2023,S,Saints,3,0,2
JT Woods,2023,S,Chargers,1,0,3
Ja'Marr Chase,2023,WR,Bengals,1,1,2
Ja'Sir Taylor,2023,CB,Chargers,1,1,0
Ja'Whaun Bentley,2023,LB,Patriots,0,1,6
Jabrill Peppers,2023,S,Patriots,1,0,2
Jack Anderson,2023,C,Colts,1,1,0
Jack Cochrane,2023,LB,Rams,0,1,0
Jack Conklin,2023,T,Browns,0,1,0
Jack Gibbens,2023,LB,Titans,1,2,1
Jack Jones,2023,CB,Patriots,1,0,2
Jack Jones,2023,CB,Raiders,0,1,1
Jack Sanborn,2023,LB,Bears,1,0,0
Jack Stoll,2023,TE,Eagles,0,4,0
Jackson Carman,2023,T,Bengals,0,1,0
Jacob Bobenmoyer,2023,LS,Raiders,0,1,0
Jacoby Brissett,2023,QB,Commanders,0,0,1
Jadeveon Clowney,2023,LB,Ravens,1,3,0
Jaelan Phillips,2023,LB,Dolphins,1,3,2
Jaelan Phillips,2023,LB,Giants,0,0,1
Jaelyn Duncan,2023,T,Titans,0,1,0
Jahan Dotson,2023,WR,Commanders,1,1,0
Jahlani Tavai,2023,LB,Patriots,0,0,1
Jahmyr Gibbs,2023,RB,Lions,1,1,0
Jahmyr Gibbs,2023,RB,Panthers,0,0,1
Jaire Alexander,2023,CB,49ers,0,0,1
Jaire Alexander,2023,CB,Packers,3,0,10
Jake Bobo,2023,WR,Seahawks,0,4,0
Jake Browning,2023,QB,Bengals,0,3,0
Jake Curhan,2023,T,Seahawks,0,1,1
Jake Haener,2023,QB,Saints,0,1,0
Jake Hansen,2023,LB,Texans,3,1,1
Jake Matthews,2023,T,Falcons,0,3,1
Jake Moody,2023,K,49ers,0,1,0
Jakob Johnson,2023,FB,Raiders,1,1,1
Jakobi Meyers,2023,WR,Raiders,1,2,0
Jakorian Bennett,2023,CB,Packers,0,0,1
Jakorian Bennett,2023,CB,Raiders,1,2,2
Jalen Carter,2023,DT,Eagles,1,1,1
Jalen Davis,2023,CB,Bengals,0,1,1
Jalen Guyton,2023,WR,Chargers,0,2,3
Jalen Hurts,2023,QB,Eagles,1,1,0
Jalen Mills,2023,CB,Patriots,1,0,0
Jalen Nailor,2023,WR,Vikings,3,2,2
Jalen Pitre,2023,S,Texans,2,1,0
Jalen Ramsey,2023,CB,Dolphins,0,0,6
Jalen Thompson,2023,S,Cardinals,2,1,2
Jalen Tolbert,2023,WR,Cowboys,0,1,1
Jalin Hyatt,2023,WR,Giants,0,1,0
Jalyn Armour-Davis,2023,CB,Ravens,2,2,0
Jalyn Holmes,2023,DE,Jets,0,1,0
Jamaal Williams,2023,RB,Saints,1,0,2
Jamal Adams,2023,S,Seahawks,6,7,2
Jamal Adams,2023,WR,Seahawks,0,1,0
Jamal Agnew,2023,WR,Jaguars,1,0,3
Jamel Dean,2023,CB,Buccaneers,4,3,0
James Bradberry,2023,CB,Eagles,1,1,2
James Conner,2023,RB,Cardinals,0,2,1
James Cook,2023,RB,Bills,0,2,0
James Daniels,2023,G,Steelers,2,2,0
James Houston,2023,LB,Lions,0,1,1
James Hudson,2023,T,Browns,2,1,0
James Hurst,2023,G,Saints,0,0,1
James Hurst,2023,T,Saints,2,3,0
James Mitchell,2023,TE,Lions,2,0,1
James Mitchell,2023,TE,Panthers,1,0,0
James Pierre,2023,CB,Steelers,3,1,1
James Smith-Williams,2023,DE,Commanders,4,3,1
Jameson Williams,2023,WR,Lions,0,1,0
Jameson Williams,2023,WR,Panthers,0,1,0
Jamie Gillan,2023,P,Giants,0,1,2
Jamin Davis,2023,LB,Commanders,1,0,0
Jammie Robinson,2023,S,Panthers,0,1,0
Jaquan Brisker,2023,S,Bears,2,2,3
Jaquelin Roy,2023,DT,Vikings,1,0,0
Jaren Hall,2023,QB,Vikings,3,1,0
Jarran Reed,2023,DT,Seahawks,4,6,0
Jarrick Bernard-Converse,2023,S,Vikings,0,1,0
Jashaun Corbin,2023,RB,Giants,0,0,2
Jason Brownlee,2023,WR,Jets,2,1,0
Jason Cabinda,2023,FB,Lions,1,1,1
Jason Cabinda,2023,FB,Panthers,1,0,0
Jason Peters,2023,T,Seahawks,2,0,0
Jason Pinnock,2023,S,Giants,0,1,0
Jason Taylor II,2023,S,Rams,0,1,1
Jauan Jennings,2023,WR,49ers,3,0,0
Jauan Jennings,2023,WR,Cowboys,0,1,0
Javon Hargrave,2023,DT,49ers,1,2,2
Javonte Williams,2023,RB,Broncos,0,1,0
Javonte Williams,2023,RB,Jets,0,1,0
Jawaan Taylor,2023,T,Chiefs,0,2,0
Jaxon Smith-Njigba,2023,WR,Seahawks,0,3,0
Jay Tufele,2023,DT,Bengals,1,0,0
Jaycee Horn,2023,CB,Panthers,2,0,5
Jayden Reed,2023,WR,Packers,1,2,4
Jaylen Waddle,2023,WR,Dolphins,1,4,3
Jaylen Watson,2023,CB,Chiefs,1,3,1
Jaylen Watson,2023,CB,Rams,0,1,0
Jaylinn Hawkins,2023,S,Chargers,0,0,1
Jaylon Johnson,2023,CB,Bears,2,1,0
Jaylon Jones,2023,CB,Bears,0,1,0
Jaylon Jones,2023,CB,Colts,0,1,0
Jaylon Moore,2023,T,49ers,1,0,0
Jayron Kearse,2023,S,Cowboys,1,4,0
Jedrick Wills,2023,T,Browns,0,3,1
Jeff Okudah,2023,CB,Falcons,1,2,2
Jeff Wilson,2023,RB,Dolphins,0,1,1
Jeffery Simmons,2023,DT,Lions,0,0,1
Jeffery Simmons,2023,DT,Titans,3,1,2
Jeremiah Ledbetter,2023,DE,Jaguars,0,1,0
Jeremy Chinn,2023,S,Panthers,0,0,3
Jeremy Ruckert,2023,TE,Jets,1,2,0
Jerick McKinnon,2023,RB,Chiefs,2,5,1
Jermaine Eluemunor,2023,T,Raiders,0,1,1
Jermaine Johnson II,2023,LB,Jets,0,2,0
Jerome Baker,2023,LB,Dolphins,1,0,0
Jerome Ford,2023,RB,Browns,0,6,1
Jerrick Reed II,2023,S,Seahawks,1,1,0
Jerry Hughes,2023,DE,Texans,1,2,0
Jerry Jacobs,2023,CB,Lions,2,2,0
Jerry Jeudy,2023,WR,Broncos,1,4,1
Jerry Jeudy,2023,WR,Jets,0,1,0
Jesper Horsted,2023,TE,Raiders,1,0,1
Jesse Luketa,2023,LB,Cardinals,0,1,2
Jevon Holland,2023,S,Dolphins,1,1,6
Ji'Ayir Brown,2023,S,49ers,1,0,0
Jimmie Ward,2023,S,Texans,6,4,3
Jimmy Garoppolo,2023,QB,Packers,0,1,0
Jimmy Garoppolo,2023,QB,Raiders,1,2,1
Jimmy Graham,2023,TE,Saints,2,2,8
JoJo Domann,2023,LB,Titans,0,0,0
Joe Bachie,2023,LB,Bengals,0,1,1
Joe Burrow,2023,QB,Bengals,1,3,1
Joe Flacco,2023,QB,Browns,0,3,0
Joe Jones,2023,LB,Titans,1,0,0
Joe Mixon,2023,RB,Bengals,0,1,1
Joe Noteboom,2023,T,Eagles,1,0,0
Joe Noteboom,2023,T,Rams,1,4,3
Joe Tippmann,2023,C,Jets,1,4,0
Joel Bitonio,2023,G,Browns,5,10,2
Joey Blount,2023,S,Cardinals,1,0,2
Joey Bosa,2023,DE,Chargers,1,3,5
Joey Porter Jr.,2023,CB,Steelers,0,0,1
John Cominsky,2023,DE,Lions,0,1,0
John Franklin-Myers,2023,DE,Jets,1,5,1
John Jenkins,2023,DT,Raiders,0,1,0
John Johnson,2023,S,Rams,1,0,0
John Metchie III,2023,WR,Texans,1,4,0
John Michael Schmitz,2023,C,Falcons,1,0,0
John Michael Schmitz,2023,C,Giants,2,2,1
John Ridgeway,2023,DT,Commanders,0,0,2
John Simpson,2023,G,Ravens,1,1,0
Johnathan Hankins,2023,DT,Broncos,1,0,0
Johnathan Hankins,2023,DT,Cowboys,4,2,2
Johnny Hekker,2023,P,Panthers,1,1,0
Johnny Mundt,2023,TE,Vikings,0,1,0
Jon Feliciano,2023,C,49ers,0,1,0
Jon Feliciano,2023,C,Cowboys,0,1,0
Jon Runyan,2023,G,49ers,0,0,1
Jon Runyan,2023,G,Packers,0,1,1
Jonah Jackson,2023,G,Lions,5,2,1
Jonah Williams,2023,DE,Rams,0,1,0
Jonah Williams,2023,T,Bengals,0,2,0
Jonathan Allen,2023,DT,Commanders,5,2,0
Jonathan Bullard,2023,DT,Vikings,0,0,1
Jonathan Greenard,2023,DE,Texans,1,4,1
Jonathan Jones,2023,CB,Patriots,1,0,11
Jonathan Ledbetter,2023,DE,Bengals,1,0,0
Jonathan Ledbetter,2023,DE,Cardinals,3,1,2
Jonathan Mingo,2023,WR,Panthers,0,2,0
Jonathan Owens,2023,S,Packers,0,1,4
Jonathan Taylor,2023,RB,Colts,3,1,0
Jonathan Taylor,2023,RB,Titans,0,1,0
Jonathan Williams,2023,RB,Commanders,1,0,0
Jonathon Cooper,2023,LB,Broncos,0,1,1
Jonnu Smith,2023,TE,Falcons,2,1,0
Jordan Addison,2023,WR,Vikings,0,1,1
Jordan Davis,2023,DT,Eagles,1,3,0
Jordan Elliott,2023,DT,Browns,0,1,1
Jordan Fuller,2023,S,Rams,1,0,0
Jordan Hicks,2023,LB,Chiefs,1,0,0
Jordan Hicks,2023,LB,Vikings,0,2,0
Jordan Howden,2023,S,Saints,1,3,0
Jordan Kunaszyk,2023,LB,Browns,2,3,0
Jordan Mason,2023,RB,49ers,1,1,1
Jordan Meredith,2023,G,Raiders,0,1,0
Jordan Phillips,2023,DT,Bills,1,3,0
Jordan Poyer,2023,S,Bills,2,2,0
Jordan Stout,2023,P,Ravens,0,1,0
Jordan Whitehead,2023,S,Jets,0,0,1
Jordyn Brooks,2023,LB,Seahawks,1,8,2
Joseph Ossai,2023,DE,Bengals,1,1,1
Josey Jewell,2023,LB,Broncos,1,1,0
Josey Jewell,2023,LB,Jets,0,1,0
Josh Ali,2023,WR,Falcons,1,0,0
Josh Allen,2023,QB,Bills,0,10,0
Josh Blackwell,2023,CB,Bears,2,2,0
Josh Downs,2023,WR,Colts,1,0,1
Josh Hayes,2023,CB,Buccaneers,1,3,1
Josh Hines-Allen,2023,LB,Jaguars,0,2,1
Josh Jacobs,2023,RB,Raiders,3,0,0
Josh Jobe,2023,CB,Eagles,0,1,0
Josh Jones,2023,G,Texans,1,4,1
Josh Metellus,2023,S,Chiefs,0,1,0
Josh Metellus,2023,S,Vikings,0,2,0
Josh Myers,2023,C,Packers,0,2,1
Josh Palmer,2023,WR,Chargers,2,1,2
Josh Reynolds,2023,WR,Lions,0,1,1
Josh Reynolds,2023,WR,Panthers,0,1,0
Josh Sweat,2023,DE,Eagles,1,1,0
Josh Tupou,2023,DT,Bengals,2,2,1
Josh Whyle,2023,TE,Lions,0,1,0
Josh Whyle,2023,TE,Titans,3,3,1
Josh Woods,2023,LB,Bengals,0,1,0
Josh Woods,2023,LB,Cardinals,3,0,2
Joshua Dobbs,2023,QB,Vikings,0,1,0
Joshua Paschal,2023,DE,Lions,2,0,2
Joshua Pryor,2023,DE,Commanders,0,1,0
Joshua Uche,2023,LB,Patriots,1,0,3
Joshua Williams,2023,CB,Chiefs,0,2,0
Josiah Deguara,2023,TE,Packers,1,1,1
Jourdan Lewis,2023,CB,Cowboys,0,2,5
JuJu Smith-Schuster,2023,WR,Patriots,3,0,3
Juan Thornhill,2023,S,Browns,4,3,4
Juanyeh Thomas,2023,S,Cowboys,1,1,0
Juice Scruggs,2023,C,Texans,0,1,0
Julian Hill,2023,TE,Dolphins,0,2,2
Julian Love,2023,S,Seahawks,1,1,1
Julian Okwara,2023,LB,Panthers,0,1,0
Julio Jones,2023,WR,Eagles,0,1,2
Julius Brents,2023,CB,Colts,6,1,1
Justice Hill,2023,RB,Ravens,1,2,0
Justin Bethel,2023,CB,Dolphins,0,0,2
Justin Bethel,2023,CB,Giants,1,0,0
Justin Evans,2023,S,Cardinals,0,1,0
Justin Evans,2023,S,Eagles,3,1,1
Justin Fields,2023,QB,Bears,2,1,2
Justin Hardee,2023,CB,Jets,1,2,0
Justin Herbert,2023,QB,Chargers,1,6,0
Justin Herron,2023,T,Raiders,0,2,1
Justin Hollins,2023,LB,Chargers,0,2,0
Justin Houston,2023,LB,Dolphins,1,0,0
Justin Houston,2023,LB,Panthers,3,1,0
Justin Jefferson,2023,WR,Vikings,0,2,3
Justin McCray,2023,C,Panthers,1,0,0
Justin Pugh,2023,G,Giants,0,3,1
Justin Reid,2023,S,Chiefs,0,3,0
Justin Shorter,2023,WR,Bills,0,3,0
Justin Simmons,2023,S,Broncos,2,4,0
Justin Simmons,2023,S,Jets,0,1,0
Justin Strnad,2023,LB,Broncos,0,1,0
Justin Watson,2023,WR,Chiefs,1,5,0
Justyn Ross,2023,WR,Chiefs,0,1,1
Juwan Johnson,2023,TE,Saints,3,2,1
K'Von Wallace,2023,S,Titans,1,2,1
K.J. Britt,2023,LB,Buccaneers,0,2,0
K.J. Osborn,2023,WR,Vikings,0,3,0
Ka'dar Hollman,2023,CB,Texans,0,1,0
Ka'imi Fairbairn,2023,K,Texans,1,1,0
KaVontae Turpin,2023,WR,Cowboys,1,3,0
Kadarius Toney,2023,WR,Chiefs,2,10,3
Kadarius Toney,2023,WR,Rams,0,1,0
Kader Kohou,2023,CB,Dolphins,0,1,3
Kaevon Merriweather,2023,S,Buccaneers,1,2,0
Kaiir Elam,2023,CB,Bills,1,4,1
Kaleb McGary,2023,T,Falcons,2,1,2
Kalif Raymond,2023,WR,Lions,1,1,0
Kamren Curl,2023,S,Commanders,1,1,0
Kamu Grugier-Hill,2023,LB,Panthers,1,1,0
Kana'i Mauga,2023,LB,Raiders,1,1,0
Kareem Hunt,2023,RB,Browns,0,6,3
Kareem Jackson,2023,S,Broncos,0,1,0
Kayshon Boutte,2023,WR,Patriots,2,0,4
Kayvon Thibodeaux,2023,LB,Giants,0,1,2
Ke'Shawn Vaughn,2023,RB,Buccaneers,0,1,0
Keanu Neal,2023,S,Steelers,1,0,0
Keaontay Ingram,2023,RB,Bengals,0,0,1
Keaontay Ingram,2023,RB,Cardinals,1,1,0
Kearis Jackson,2023,WR,Titans,1,0,0
Keaton Mitchell,2023,RB,Ravens,0,5,0
Keeanu Benton,2023,DT,Steelers,0,1,1
Keenan Allen,2023,WR,Chargers,5,2,3
Kei'Trel Clark,2023,CB,Cardinals,0,0,1
Keion White,2023,DE,Patriots,1,0,1
Keisean Nixon,2023,CB,Packers,0,3,1
Keith Smith,2023,FB,Falcons,2,1,0
Kelvin Beachum,2023,T,Bengals,0,1,0
Kelvin Beachum,2023,T,Cardinals,1,5,1
Kelvin Joseph,2023,CB,Dolphins,0,0,0
Kendall Fuller,2023,CB,Commanders,6,0,1
Kendall Lamm,2023,T,Dolphins,1,1,1
Kendre Miller,2023,RB,Saints,7,2,3
Kene Nwangwu,2023,RB,Vikings,0,2,0
Kenneth Gainwell,2023,RB,Eagles,1,1,0
"Kenneth Murray, Jr.",2023,LB,Chargers,1,4,1
Kenneth Walker III,2023,RB,Seahawks,2,3,3
Kenny Clark,2023,DE,Packers,0,0,4
Kenny McIntosh,2023,RB,Seahawks,1,3,0
Kenny Moore II,2023,CB,Colts,1,0,1
Kenny Pickett,2023,QB,Steelers,2,3,2
Kenny Yeboah,2023,TE,Jets,0,3,0
Kentavius Street,2023,DT,Falcons,1,0,0
Kerby Joseph,2023,S,Lions,1,0,1
Kerby Joseph,2023,S,Panthers,0,1,0
Kevin Dotson,2023,G,Rams,0,3,1
Kevin Rader,2023,TE,Titans,0,1,0
Kevin Strong,2023,DT,Cardinals,2,3,4
Kevin Zeitler,2023,G,Ravens,0,1,0
Kevon Seymour,2023,CB,Ravens,1,1,0
KhaDarel Hodge,2023,WR,Falcons,0,1,0
Khaleke Hudson,2023,LB,Commanders,0,0,1
Khalid Kareem,2023,DE,Bears,0,1,0
Khalid Kareem,2023,LB,Bears,1,0,0
Khalil Dorsey,2023,CB,Lions,1,2,0
Khalil Herbert,2023,RB,Bears,1,2,0
Khalil Mack,2023,DE,Chargers,9,1,0
Khari Blasingame,2023,FB,Bears,1,2,0
Khyiris Tonga,2023,DT,Vikings,0,1,1
Kingsley Enagbare,2023,LB,Packers,0,1,2
Ko Kieft,2023,TE,Buccaneers,1,1,0
Kobie Turner,2023,DT,Rams,0,1,0
Kolton Miller,2023,T,Raiders,3,0,4
Kristian Fulton,2023,CB,Titans,1,1,1
Krys Barnes,2023,LB,Bengals,0,1,0
Krys Barnes,2023,LB,Cardinals,1,0,3
Kurt Hinish,2023,DT,Texans,0,1,0
Kwity Paye,2023,DE,Colts,0,1,0
Kwity Paye,2023,DE,Titans,1,0,0
Kyle Dugger,2023,S,Patriots,1,0,2
Kyle Hamilton,2023,S,Ravens,1,2,0
Kyle Philips,2023,WR,Lions,0,1,0
Kyle Philips,2023,WR,Titans,2,1,0
Kyle Pitts,2023,TE,Falcons,1,0,0
Kyle Van Noy,2023,LB,Ravens,0,1,0
Kylen Granson,2023,TE,Colts,1,1,1
Kyler Gordon,2023,CB,Bears,1,1,0
Kyler Murray,2023,QB,Cardinals,0,3,2
Kyren Williams,2023,RB,Eagles,0,1,0
Kyren Williams,2023,RB,Rams,1,1,0
L'Jarius Sneed,2023,CB,Chiefs,1,12,2
L'Jarius Sneed,2023,CB,Rams,0,1,0
L.J. Collier,2023,DE,Cardinals,1,0,0
LaBryan Ray,2023,DE,Panthers,0,1,0
LaCale London,2023,DT,Falcons,0,2,0
Laken Tomlinson,2023,G,Jets,0,1,0
Lamar Jackson,2023,QB,Ravens,0,1,0
Landon Dickerson,2023,G,Eagles,1,2,0
Landon Young,2023,T,Saints,3,1,0
Lane Johnson,2023,T,Eagles,0,2,0
Laremy Tunsil,2023,T,Texans,3,12,1
Larrell Murchison,2023,DT,Rams,1,5,2
Larry Borom,2023,T,Bears,1,2,0
Larry Ogunjobi,2023,DT,Steelers,0,4,2
Laviska Shenault Jr.,2023,WR,Panthers,4,1,0
Lavonte David,2023,DT,Buccaneers,0,1,0
Lavonte David,2023,LB,Buccaneers,9,0,0
Lawrence Cager,2023,TE,Giants,0,0,3
Leighton Vander Esch,2023,LB,Cowboys,1,0,0
Leki Fotu,2023,DT,Cardinals,0,0,3
Leo Chenal,2023,LB,Chiefs,0,1,0
Leonard Floyd,2023,DE,Bills,1,7,1
Leonard Williams,2023,DT,Giants,0,1,0
Leonard Williams,2023,DT,Seahawks,1,5,0
Lester Cotton,2023,G,Dolphins,0,1,3
Lester Cotton,2023,G,Giants,0,0,1
Levi Onwuzurike,2023,DE,Lions,1,1,0
Levi Onwuzurike,2023,DT,Lions,0,1,0
Levi Wallace,2023,CB,Steelers,1,0,2
Lewis Cine,2023,S,Chiefs,0,0,1
Lewis Cine,2023,S,Vikings,1,1,0
Liam Eichenberg,2023,G,Dolphins,0,1,3
Liam Eichenberg,2023,T,Dolphins,0,1,0
Lloyd Cushenberry III,2023,C,Broncos,0,2,1
Lloyd Cushenberry III,2023,C,Jets,0,0,1
Logan Hall,2023,DE,Buccaneers,2,1,0
Logan Thomas,2023,TE,Commanders,1,2,0
Logan Wilson,2023,LB,Bengals,0,2,0
Lonnie Johnson,2023,CB,Saints,3,0,0
Lonnie Johnson,2023,S,Saints,1,0,1
Lorenzo Carter,2023,LB,Falcons,0,1,0
Lou Hedley,2023,P,Saints,1,0,0
Lucas Patrick,2023,C,Bears,0,4,1
Luiji Vilain,2023,LB,Panthers,1,0,0
Lukas Van Ness,2023,LB,Packers,0,0,1
Luke Farrell,2023,TE,Jaguars,0,0,1
Luke Fortner,2023,C,Jaguars,0,0,1
Luke Gifford,2023,LB,Lions,1,0,0
Luke Gifford,2023,LB,Titans,4,4,2
Luke Goedeke,2023,G,Buccaneers,0,1,0
Luke Goedeke,2023,T,Buccaneers,0,2,0
Luke Masterson,2023,LB,Raiders,1,1,0
Luke Musgrave,2023,TE,49ers,0,1,0
Luke Musgrave,2023,TE,Packers,2,1,3
Luke Tenuta,2023,T,Packers,0,1,1
Lynn Bowden,2023,WR,Saints,0,1,0
Mack Hollins,2023,WR,Falcons,2,1,1
Malcolm Koonce,2023,DE,Packers,0,1,0
Malcolm Koonce,2023,DE,Raiders,0,2,2
Malcolm Roach,2023,DT,Saints,1,0,1
Malcolm Rodriguez,2023,LB,Lions,0,0,2
Maliek Collins,2023,DT,Texans,2,2,3
Malik Hamm,2023,LB,Ravens,0,3,0
Malik Harrison,2023,LB,Ravens,1,2,1
Malik Hooker,2023,S,Broncos,0,1,0
Malik Hooker,2023,S,Cowboys,0,3,2
Marcedes Lewis,2023,TE,Bears,13,1,0
Marco Wilson,2023,CB,Cardinals,0,1,0
Marcus Davenport,2023,DE,Chiefs,0,1,0
Marcus Davenport,2023,DE,Vikings,1,2,2
Marcus Epps,2023,S,Packers,0,1,0
Marcus Epps,2023,S,Raiders,0,2,1
Marcus Jones,2023,CB,Patriots,1,0,0
Marcus Maye,2023,S,Saints,3,2,0
Marcus McKethan,2023,T,Falcons,0,0,1
Marcus McKethan,2023,T,Giants,0,1,0
Marcus Peters,2023,CB,Raiders,0,0,3
Marcus Williams,2023,S,Ravens,4,4,1
Mario Edwards,2023,DE,Seahawks,2,0,0
Mario Goodrich,2023,CB,Eagles,0,1,0
Mark Andrews,2023,TE,Ravens,1,1,1
Mark Glowinski,2023,G,Giants,1,1,0
Markquese Bell,2023,LB,Cowboys,0,1,1
Markus Bailey,2023,LB,Bengals,1,0,0
Markus Golden,2023,LB,Steelers,0,1,0
Marlon Davidson,2023,DT,Titans,0,0,1
Marlon Humphrey,2023,CB,Ravens,5,3,2
Marlon Tuipulotu,2023,DT,Cardinals,1,0,0
Marlon Tuipulotu,2023,DT,Eagles,0,1,1
Marquez Valdes-Scantling,2023,WR,Chiefs,0,1,0
Marquis Haynes,2023,LB,Panthers,0,5,3
Marquise Brown,2023,WR,Cardinals,4,0,4
Marquise Goodwin,2023,WR,Browns,4,3,3
Marshon Lattimore,2023,CB,Saints,1,1,0
Martin Emerson,2023,CB,Browns,0,1,0
Marvin Jones,2023,WR,Lions,0,0,0
Marvin Mims Jr.,2023,WR,Broncos,1,3,0
Mason Cole,2023,C,Steelers,0,0,1
Matt Breida,2023,RB,Giants,0,1,0
Matt Corral,2023,QB,Patriots,1,0,0
Matt Dickerson,2023,DT,Chiefs,0,1,0
Matt Dickerson,2023,DT,Rams,0,0,1
Matt Feiler,2023,G,Buccaneers,2,1,1
Matt Gay,2023,K,Colts,0,1,0
Matt Milano,2023,LB,Bills,1,0,0
Matt Nelson,2023,T,Lions,1,0,0
Matt Peart,2023,T,Giants,2,2,0
Matt Waletzko,2023,T,Cowboys,0,4,0
Matthew Adams,2023,LB,Browns,2,1,0
Matthew Judon,2023,LB,Patriots,2,0,0
Matthew Slater,2023,WR,Patriots,0,1,5
Matthew Stafford,2023,QB,Eagles,0,1,0
Matthew Stafford,2023,QB,Rams,1,1,0
Maurice Hurst,2023,DT,Browns,0,2,0
Max Garcia,2023,G,Saints,0,0,1
Max Mitchell,2023,T,Jets,0,1,1
Max Scharping,2023,G,Bengals,0,0,1
Maxx Crosby,2023,DE,Packers,0,0,1
Maxx Crosby,2023,DE,Raiders,1,0,11
Mazi Smith,2023,DT,Cowboys,0,1,0
Mecole Hardman,2023,WR,Chiefs,1,1,1
Mekhi Becton,2023,T,Jets,1,13,0
Mekhi Becton,2023,T,Vikings,0,1,0
Mekhi Blackmon,2023,CB,Vikings,0,0,1
Micah Hyde,2023,S,Bills,3,7,1
Micah McFadden,2023,LB,Falcons,0,0,1
Micah McFadden,2023,LB,Giants,0,0,2
Micah Parsons,2023,LB,Broncos,0,1,0
Micah Parsons,2023,LB,Cowboys,0,2,0
Michael Carter,2023,RB,Cardinals,1,0,0
Michael Carter II,2023,CB,Jets,1,4,0
Michael Danna,2023,DE,Chiefs,0,1,0
Michael Davis,2023,CB,Chargers,1,1,0
Michael Deiter,2023,C,Texans,1,2,0
Michael Dickson,2023,P,Seahawks,0,1,0
Michael Dunn,2023,G,Browns,0,1,0
Michael Gallup,2023,WR,Cowboys,1,1,0
Michael Hoecht,2023,LB,Rams,1,2,1
Michael Mayer,2023,TE,Raiders,2,0,0
Michael Pierce,2023,DT,Ravens,0,1,0
Michael Pittman,2023,WR,Colts,0,1,1
Michael Thomas,2023,WR,Saints,0,1,0
Michael Wilson,2023,WR,Cardinals,3,0,3
Micheal Clemons,2023,DE,Jets,0,2,1
Mike Brown,2023,S,Titans,0,3,0
Mike Edwards,2023,S,Chiefs,0,5,0
Mike Evans,2023,WR,Buccaneers,7,1,0
Mike Ford,2023,CB,Browns,0,3,1
Mike Greene,2023,DT,Buccaneers,2,2,0
Mike Hughes,2023,CB,Falcons,0,3,0
Mike McGlinchey,2023,T,Broncos,0,1,0
Mike Morris,2023,DE,Seahawks,1,1,0
Mike Onwenu,2023,G,Patriots,0,0,5
Mike Purcell,2023,DT,Broncos,2,6,1
Mike Purcell,2023,DT,Jets,0,0,1
Mike Williams,2023,WR,Chargers,0,1,0
Miles Killebrew,2023,S,Steelers,0,1,0
Miles Sanders,2023,RB,Dolphins,0,1,0
Miles Sanders,2023,RB,Panthers,2,4,0
Milton Williams,2023,DT,Eagles,1,4,0
Minkah Fitzpatrick,2023,S,Steelers,6,4,0
Mitch Morse,2023,C,Bills,0,1,0
Mitchell Fraboni,2023,LS,Broncos,0,1,0
Mitchell Wilcox,2023,TE,Bengals,0,2,0
Mo Alie-Cox,2023,TE,Colts,0,1,0
Mo Alie-Cox,2023,TE,Titans,0,1,0
Montez Sweat,2023,DE,Commanders,0,2,0
Montravius Adams,2023,DT,Steelers,2,1,2
Morgan Fox,2023,DT,Chargers,0,1,0
Morgan Moses,2023,T,Ravens,2,3,0
Myjai Sanders,2023,LB,Cardinals,0,0,1
Myjai Sanders,2023,LB,Texans,0,1,0
Myles Bryant,2023,CB,Patriots,0,0,4
Myles Garrett,2023,DE,Browns,3,11,0
Myles Murphy,2023,DE,Bengals,1,0,0
NaJee Thompson,2023,CB,Vikings,0,1,0
Nahshon Wright,2023,CB,Cowboys,0,1,0
Najee Harris,2023,RB,Steelers,1,4,1
Nakobe Dean,2023,LB,Eagles,1,1,0
Naquan Jones,2023,DT,Titans,1,0,0
Nash Jensen,2023,G,Panthers,0,1,1
Nate Davis,2023,G,Bears,4,2,1
Nate Herbig,2023,G,Steelers,0,1,0
Nate Hobbs,2023,CB,Packers,1,0,0
Nate Hobbs,2023,CB,Raiders,2,1,4
Nate Landman,2023,LB,Falcons,1,0,2
Neville Gallimore,2023,DT,Cowboys,0,1,0
Neville Hewitt,2023,LB,Texans,0,1,1
Nic Jones,2023,CB,Chiefs,0,4,0
Nicholas Morrow,2023,LB,Cardinals,1,0,0
Nicholas Morrow,2023,LB,Eagles,1,0,1
Nicholas Petit-Frere,2023,T,Lions,0,1,0
Nicholas Petit-Frere,2023,T,Titans,1,0,0
Nick Allegretti,2023,G,Chiefs,0,1,0
Nick Bawden,2023,FB,Jets,0,2,0
Nick Bellore,2023,LB,Seahawks,2,1,0
Nick Bolton,2023,LB,Chiefs,4,7,1
Nick Bolton,2023,LB,Rams,0,0,1
Nick Bosa,2023,DE,49ers,1,1,1
Nick Gates,2023,C,Commanders,0,1,0
Nick Harris,2023,C,Browns,0,4,1
Nick Herbig,2023,LB,Steelers,0,2,1
Nick Mullens,2023,QB,Chiefs,0,0,1
Nick Mullens,2023,QB,Vikings,0,1,1
Nick Saldiveri,2023,G,Saints,0,1,0
Nick Scott,2023,S,Bengals,0,1,0
Nick Vannett,2023,TE,Chargers,2,2,1
Nick Westbrook-Ikhine,2023,WR,Titans,2,0,0
Nick Williams,2023,DT,Chargers,1,1,3
Nick Zakelj,2023,G,49ers,1,0,0
Nico Collins,2023,WR,Texans,2,2,1
Nik Bonitto,2023,LB,Broncos,2,2,0
Nik Needham,2023,CB,Dolphins,0,1,3
Nik Needham,2023,CB,Giants,0,0,1
Nikko Remigio,2023,WR,Chiefs,0,1,0
Nnamdi Madubuike,2023,DT,Ravens,0,1,0
Noah Brown,2023,WR,Texans,4,3,2
Noah Fant,2023,TE,Seahawks,1,4,0
Noah Gray,2023,TE,Chiefs,0,2,0
Noah Sewell,2023,LB,Bears,4,2,0
Ochaun Mathis,2023,LB,Eagles,0,1,0
Odafe Oweh,2023,LB,Ravens,5,2,0
Odell Beckham Jr.,2023,WR,Ravens,5,7,2
Ogbo Okoronkwo,2023,DE,Browns,3,7,0
Oren Burks,2023,LB,49ers,2,2,0
Orlando Brown,2023,T,Bengals,0,2,0
Orlando Brown,2023,T,Colts,0,1,0
Osa Odighizuwa,2023,DT,Cowboys,0,3,0
Otito Ogbonnia,2023,DT,Chargers,0,4,2
Owen Pappoe,2023,LB,Cardinals,0,0,1
P.J. Locke,2023,S,Broncos,1,1,1
P.J. Locke,2023,S,Jets,0,1,0
Paris Johnson Jr.,2023,T,Cardinals,0,0,1
Parker Washington,2023,WR,Jaguars,1,0,1
Parris Campbell,2023,WR,Giants,1,1,1
Pat Freiermuth,2023,TE,Steelers,2,3,0
Pat Surtain II,2023,CB,Broncos,0,1,1
Patrick Jones II,2023,DE,Vikings,0,2,0
Patrick Mahomes,2023,QB,Chiefs,0,3,0
Patrick Mekari,2023,G,Ravens,0,1,0
Patrick Mekari,2023,T,Ravens,0,1,0
Patrick Peterson,2023,CB,Steelers,6,1,3
Patrick Queen,2023,LB,Ravens,0,1,0
Paulson Adebo,2023,CB,Saints,2,0,1
Payton Turner,2023,DE,Saints,0,0,3
Penei Sewell,2023,T,Lions,0,2,0
Percy Butler,2023,S,Commanders,2,2,0
Pete Werner,2023,LB,Saints,1,0,1
Peter Skoronski,2023,T,Lions,0,1,0
Peter Skoronski,2023,T,Titans,3,0,0
Peyton Hendershot,2023,TE,Broncos,1,0,0
Peyton Hendershot,2023,TE,Cowboys,0,4,1
Pharaoh Brown,2023,TE,Patriots,0,0,1
Phidarian Mathis,2023,DT,Commanders,0,1,0
Phil Haynes,2023,G,Seahawks,3,3,1
Pierre Strong,2023,RB,Browns,0,2,2
Pressley Harvin III,2023,P,Steelers,2,1,0
Preston Smith,2023,LB,Packers,0,1,1
Puka Nacua,2023,WR,Rams,1,4,3
Quan Martin,2023,CB,Commanders,1,2,0
Quan Martin,2023,S,Commanders,0,1,0
Quandre Diggs,2023,S,Seahawks,3,1,1
Quay Walker,2023,DT,Packers,0,0,1
Quay Walker,2023,LB,Packers,3,1,5
Quentin Johnston,2023,WR,Chargers,0,1,0
Quentin Lake,2023,S,Rams,2,1,1
Quenton Nelson,2023,G,Colts,0,2,1
Quenton Nelson,2023,G,Titans,0,1,0
Quez Watkins,2023,WR,Cardinals,0,1,0
Quez Watkins,2023,WR,Eagles,2,0,2
Quincy Williams,2023,LB,Jets,0,8,0
Quinn Meinerz,2023,G,Broncos,0,1,0
Quintin Morris,2023,TE,Bills,2,1,0
Quinton Bohanna,2023,DT,Titans,0,1,0
Rachaad White,2023,RB,Buccaneers,0,0,0
Raekwon Davis,2023,DT,Dolphins,0,2,0
Raheem Blackshear,2023,RB,Panthers,0,2,0
Raheem Layne,2023,S,Chargers,1,0,0
Raheem Mostert,2023,RB,Dolphins,0,2,10
Raheem Mostert,2023,RB,Giants,1,0,0
Rakeem Nunez-Roches,2023,DT,Giants,1,0,1
Rakim Jarrett,2023,WR,Buccaneers,0,2,0
Randall Cobb,2023,WR,Jets,0,1,1
Randy Gregory,2023,LB,Jets,1,0,0
Rashaad Penny,2023,RB,Cardinals,0,0,0
Rashaad Penny,2023,RB,Eagles,0,1,0
Rashan Gary,2023,LB,Packers,0,2,6
Rashawn Slater,2023,T,Chargers,0,8,0
Rashee Rice,2023,WR,Chiefs,0,4,0
Rashid Shaheed,2023,WR,Saints,2,0,1
Rashod Bateman,2023,WR,Ravens,1,4,0
Rasul Douglas,2023,CB,Bills,2,0,0
Ray-Ray McCloud,2023,WR,49ers,1,4,1
Reed Blankenship,2023,S,Eagles,3,3,0
Reid Ferguson,2023,LS,Bills,0,3,0
Rhamondre Stevenson,2023,RB,Patriots,4,0,2
Richie Grant,2023,S,Falcons,0,1,0
Richie James,2023,WR,Chiefs,1,4,0
Ricky Stromberg,2023,C,Commanders,1,0,0
Rico Dowdle,2023,RB,Broncos,0,1,0
Rico Dowdle,2023,RB,Cowboys,1,5,1
Rigoberto Sanchez,2023,P,Colts,1,0,0
Riley Moss,2023,CB,Broncos,0,1,1
Riley Reiff,2023,T,Patriots,1,0,5
Riq Woolen,2023,CB,Seahawks,1,2,0
River Cracraft,2023,WR,Dolphins,1,0,2
Rob Havenstein,2023,T,Rams,3,6,0
Robbie Chosen,2023,WR,Dolphins,0,1,0
Robert Beal Jr.,2023,DE,49ers,0,3,0
Robert Hainsey,2023,C,Buccaneers,0,2,0
Robert Hunt,2023,G,Dolphins,5,1,3
Robert Hunt,2023,G,Giants,0,1,0
Robert Jones,2023,G,Dolphins,2,1,3
Robert Jones,2023,G,Giants,0,0,1
Robert Rochell,2023,CB,Packers,1,0,2
Robert Spillane,2023,LB,Raiders,0,3,2
Robert Tonyan,2023,TE,Bears,0,0,0
Robert Woods,2023,WR,Texans,7,5,4
Rock Ya-Sin,2023,CB,Ravens,0,1,0
Roderic Teamer,2023,S,Raiders,0,2,1
Rodney McLeod Jr.,2023,S,Browns,1,0,0
Rodney Thomas,2023,S,Colts,0,2,0
Roger McCreary,2023,CB,Titans,0,1,3
Romeo Doubs,2023,WR,Packers,0,1,2
Ronald Darby,2023,CB,Ravens,0,1,0
Ronnie Perkins,2023,DE,Broncos,0,1,0
Ronnie Rivers,2023,RB,Rams,0,1,0
Ronnie Stanley,2023,T,Ravens,6,3,0
Roquan Smith,2023,LB,Ravens,0,3,0
Roschon Johnson,2023,RB,Bears,2,1,0
Ross Dwelley,2023,TE,49ers,4,0,0
Ross Matiscik,2023,LS,Jaguars,1,0,0
Roy Robertson-Harris,2023,DT,Jaguars,0,0,2
Rudy Ford,2023,S,49ers,0,0,1
Rudy Ford,2023,S,Packers,2,0,4
Russ Yeast,2023,S,Rams,0,1,1
Ryan Bates,2023,C,Bills,0,1,0
Ryan Kelly,2023,C,Colts,6,1,0
Ryan Kelly,2023,C,Titans,0,1,0
Ryan Neal,2023,S,Buccaneers,2,4,0
Ryan Neuzil,2023,C,Falcons,0,1,0
Ryan Ramczyk,2023,T,Saints,3,7,4
Ryan Stonehouse,2023,P,Titans,1,0,0
Ryan Tannehill,2023,QB,Titans,2,3,1
Ryan Wright,2023,P,Vikings,0,1,0
Saahdiq Charles,2023,G,Commanders,1,1,0
Salvon Ahmed,2023,RB,Dolphins,0,2,2
Salvon Ahmed,2023,RB,Giants,0,1,0
Sam Cosmi,2023,G,Commanders,0,4,0
Sam Eguavoen,2023,LB,Jets,1,1,1
Sam Eguavoen,2023,LB,Vikings,0,0,1
Sam Ehlinger,2023,QB,Colts,1,0,0
Sam Franklin Jr.,2023,S,Panthers,0,1,3
Sam Hubbard,2023,DE,Bengals,2,3,0
Sam LaPorta,2023,TE,Lions,0,2,1
Sam Martin,2023,P,Bills,0,1,0
Sam Williams,2023,DE,Cowboys,1,1,0
Samaje Perine,2023,RB,Broncos,1,4,1
Samuel Womack,2023,CB,49ers,1,3,0
Saquon Barkley,2023,RB,Falcons,0,0,1
Saquon Barkley,2023,RB,Giants,1,4,4
Sauce Gardner,2023,CB,Jets,1,1,0
Sean Harlow,2023,C,Giants,0,1,1
Sean Murphy-Bunting,2023,CB,Titans,2,3,2
Sean Rhyan,2023,G,Packers,0,1,0
Sebastian Joseph-Day,2023,DT,Chargers,1,6,0
Segun Olubi,2023,LB,Colts,2,1,0
Shane Lemieux,2023,G,Falcons,1,0,0
Shane Lemieux,2023,G,Giants,0,0,2
Shaq Lawson,2023,DE,Bills,0,2,0
Shaq Mason,2023,G,Texans,1,5,1
Shaquil Barrett,2023,LB,Buccaneers,2,0,0
Shaquill Griffin,2023,CB,Texans,0,2,1
Shaquille Leonard,2023,LB,Colts,0,2,0
Shaquille Leonard,2023,LB,Titans,1,0,0
Shaun Wade,2023,CB,Patriots,0,0,7
Shelby Harris,2023,DT,Browns,0,3,0
Sheldon Day,2023,DT,Vikings,0,2,0
Sheldon Rankins,2023,DT,Texans,1,1,5
Shemar Jean-Charles,2023,CB,49ers,0,1,0
Siaki Ika,2023,DT,Browns,1,1,0
Sidy Sow,2023,T,Patriots,1,0,4
Sione Takitaki,2023,LB,Browns,1,4,1
SirVocea Dennis,2023,LB,Buccaneers,4,2,0
Siran Neal,2023,CB,Bills,0,1,0
Skyy Moore,2023,WR,Chiefs,0,3,0
Solomon Thomas,2023,DT,Jets,0,2,0
Spencer Brown,2023,T,Bills,0,3,0
Spencer Burford,2023,G,49ers,2,2,1
Starling Thomas V,2023,CB,Cardinals,1,1,0
Stefon Diggs,2023,WR,Bills,2,0,1
Stephen Sullivan,2023,TE,Dolphins,0,1,0
Stephen Sullivan,2023,TE,Panthers,1,6,0
Stephon Gilmore,2023,CB,Broncos,1,0,0
Stephon Gilmore,2023,CB,Cowboys,4,0,3
Sterling Shepard,2023,WR,Giants,0,2,0
Stetson Bennett,2023,QB,Rams,1,0,0
Steven Nelson,2023,CB,Texans,2,2,1
Sua Opeta,2023,G,Eagles,0,1,0
Sydney Brown,2023,S,Cardinals,0,0,1
Sydney Brown,2023,S,Eagles,2,1,1
T.J. Hockenson,2023,TE,Vikings,0,3,1
T.J. Watt,2023,LB,Steelers,1,2,1
TK McLendon Jr.,2023,DE,Titans,1,2,0
Tae Davis,2023,LB,Falcons,0,1,1
Talanoa Hufanga,2023,S,49ers,1,1,0
Tank Dell,2023,WR,Texans,0,2,3
Tanner Hudson,2023,TE,Bengals,0,1,0
Tanner Muse,2023,LB,Chargers,0,2,0
Taron Johnson,2023,CB,Bills,0,2,1
Tashaun Gipson,2023,S,49ers,0,1,0
Tavierre Thomas,2023,CB,Texans,3,4,0
Taylor Decker,2023,T,Lions,2,4,1
Taylor Decker,2023,T,Panthers,0,1,0
Taylor Heinicke,2023,QB,Falcons,0,1,1
Taylor Moton,2023,T,Panthers,0,11,1
Taylor Rapp,2023,S,Bills,2,1,0
Taysom Hill,2023,QB,Saints,1,3,1
Teair Tart,2023,DT,Lions,1,0,0
Teair Tart,2023,DT,Titans,1,3,3
Tedarrell Slaton,2023,DT,Packers,0,1,3
Teddy Bridgewater,2023,QB,Lions,1,2,0
Tee Higgins,2023,WR,Bengals,3,2,0
Tee Higgins,2023,WR,Colts,0,0,1
Terell Smith,2023,CB,Bears,4,1,1
Terence Steele,2023,T,Cowboys,0,1,0
Terrace Marshall Jr.,2023,WR,Panthers,0,1,0
Terrel Bernard,2023,LB,Bills,0,2,2
Terrell Edmunds,2023,S,Eagles,0,1,0
Terrell Edmunds,2023,S,Titans,0,2,1
Terron Armstead,2023,T,Dolphins,1,1,11
Terron Armstead,2023,T,Giants,1,0,0
Terry McLaurin,2023,WR,Commanders,0,2,0
Tershawn Wharton,2023,DT,Chiefs,0,2,0
Teven Jenkins,2023,T,Bears,1,2,0
Thayer Munford Jr.,2023,T,Raiders,1,1,0
Theo Jackson,2023,S,Vikings,1,1,0
Tommy DeVito,2023,QB,Giants,0,1,0
Tommy Townsend,2023,P,Chiefs,0,3,1
Tommy Tremble,2023,TE,Panthers,1,4,1
Tony Adams,2023,S,Jets,2,1,0
Tony Adams,2023,S,Vikings,0,1,0
Tony Brown,2023,CB,Colts,1,2,0
Tony Fields II,2023,LB,Browns,0,2,0
Tony Pollard,2023,RB,Cowboys,0,2,1
Tracy Walker III,2023,S,Lions,0,1,0
Travis Etienne,2023,RB,Jaguars,0,0,3
Travis Homer,2023,RB,Bears,1,1,2
Travis Kelce,2023,TE,Chiefs,1,2,2
Travis Vokolek,2023,TE,Cardinals,1,0,0
Tre Avery,2023,CB,Titans,1,2,0
Tre Brown,2023,CB,Seahawks,3,6,1
Tre Hawkins III,2023,CB,Giants,0,1,1
Tre Herndon,2023,CB,Jaguars,1,0,1
Tre Tomlinson,2023,CB,Rams,2,0,0
Tre Tucker,2023,WR,Raiders,0,1,0
Tre'Davious White,2023,CB,Bills,3,0,0
Tre'Quan Smith,2023,WR,Saints,1,0,0
Tre'von Moehrig,2023,S,Raiders,0,2,0
Tremaine Edmunds,2023,LB,Bears,2,0,1
Trent Brown,2023,T,Patriots,5,0,10
Trent McDuffie,2023,CB,Chiefs,0,2,0
Trent Sherfield,2023,WR,Bills,0,2,0
Trent Williams,2023,T,49ers,8,4,1
Trent Williams,2023,T,Cowboys,1,0,0
Trenton Irwin,2023,WR,Bengals,0,1,0
Trenton Simpson,2023,LB,Ravens,2,1,0
Trenton Thompson,2023,S,Steelers,2,0,0
Tress Way,2023,P,Commanders,0,1,0
Trevon Diggs,2023,CB,Cowboys,1,0,0
Trevon Wesco,2023,TE,Titans,0,3,1
Trevor Lawrence,2023,QB,Jaguars,1,2,4
Trevor Nowaske,2023,LB,Cardinals,1,0,0
Trevor Siemian,2023,QB,Jets,0,1,0
Trey Flowers,2023,DE,Patriots,0,0,2
Trey Flowers,2023,LB,Patriots,0,0,1
Trey Hendrickson,2023,DE,Bengals,0,3,0
Trey Hendrickson,2023,DE,Colts,1,0,0
Trey McBride,2023,TE,Cardinals,0,0,1
Trey Palmer,2023,WR,Buccaneers,0,1,0
Trey Pipkins,2023,T,Chargers,0,5,1
Trey Smith,2023,G,Chiefs,0,2,0
Treylon Burks,2023,WR,Lions,1,0,0
Treylon Burks,2023,WR,Titans,5,5,0
Tristan Wirfs,2023,T,Buccaneers,0,4,0
Troy Andersen,2023,LB,Falcons,0,1,1
Troy Dye,2023,LB,Vikings,0,1,1
Troy Hill,2023,CB,Panthers,3,1,2
Troy Reeder,2023,LB,Rams,0,0,1
Trystan Colon,2023,C,Cardinals,2,0,1
Tua Tagovailoa,2023,QB,Dolphins,0,2,0
Tutu Atwell,2023,WR,Rams,0,2,0
Ty Johnson,2023,RB,Bills,0,1,2
Ty Montgomery,2023,RB,Patriots,0,0,1
Ty Montgomery,2023,WR,Patriots,0,2,0
Ty Summers,2023,LB,Saints,1,1,0
Tycen Anderson,2023,S,Bengals,1,1,0
Tyjae Spears,2023,RB,Titans,0,2,0
Tylan Wallace,2023,WR,Ravens,0,1,0
Tyler Biadasz,2023,C,Cowboys,1,2,1
Tyler Boyd,2023,WR,Bengals,0,2,1
Tyler Conklin,2023,TE,Jets,0,1,0
Tyler Hall,2023,CB,Raiders,0,1,1
Tyler Higbee,2023,TE,Rams,1,1,2
Tyler Huntley,2023,QB,Ravens,1,0,0
Tyler Kroft,2023,TE,Dolphins,0,1,1
Tyler Lacy,2023,DE,Jaguars,0,0,2
Tyler Larsen,2023,C,Commanders,3,1,1
Tyler Linderbaum,2023,C,Ravens,2,0,1
Tyler Lockett,2023,WR,Seahawks,2,4,1
Tyler Scott,2023,WR,Bears,0,0,1
Tyler Smith,2023,G,Cowboys,0,1,0
Tyler Smith,2023,T,Cowboys,2,1,0
Tyquan Lewis,2023,DE,Colts,0,1,0
Tyquan Lewis,2023,DE,Titans,0,1,0
Tyquan Thornton,2023,WR,Patriots,0,0,3
Tyrann Mathieu,2023,S,Saints,0,1,1
Tyre Phillips,2023,T,Giants,0,1,0
Tyree Wilson,2023,DE,Raiders,0,0,1
Tyreek Hill,2023,WR,Dolphins,1,2,8
Tyreke Smith,2023,LB,Cardinals,1,0,0
Tyrel Dodson,2023,LB,Bills,0,0,1
Tyrique Stevenson,2023,CB,Bears,0,3,1
Tyrod Taylor,2023,QB,Giants,1,1,0
Tyron Smith,2023,T,Broncos,0,1,0
Tyron Smith,2023,T,Cowboys,8,3,4
Tyrone Wheatley Jr.,2023,T,Patriots,0,3,1
Tyrus Wheat,2023,LB,Cowboys,0,1,0
Tyson Campbell,2023,CB,Jaguars,4,0,6
Tytus Howard,2023,T,Texans,0,6,0
Uchenna Nwosu,2023,LB,Seahawks,1,1,0
Ugo Amadi,2023,S,Saints,0,0,1
Van Jefferson,2023,WR,Rams,1,0,0
Vederian Lowe,2023,T,Patriots,0,0,3
Velus Jones Jr.,2023,WR,Bears,1,0,0
Victor Dimukeje,2023,LB,Cardinals,0,1,1
Viliami Fehoko Jr.,2023,DE,Cowboys,0,4,0
Vita Vea,2023,DT,Buccaneers,3,3,3
Von Miller,2023,LB,Bills,0,6,1
Vonn Bell,2023,S,Panthers,3,2,1
Walker Little,2023,T,Jaguars,3,0,4
Wan'Dale Robinson,2023,WR,Falcons,0,0,1
Wan'Dale Robinson,2023,WR,Giants,0,2,8
Wanya Morris,2023,T,Chiefs,1,1,0
Wanya Morris,2023,T,Rams,0,1,0
Wes Schweitzer,2023,C,Vikings,0,1,0
Wes Schweitzer,2023,G,Jets,3,1,0
Wil Lutz,2023,K,Broncos,0,1,0
Will Anderson Jr.,2023,DE,Texans,4,2,2
Will Clapp,2023,C,Chargers,0,2,0
Will Dissly,2023,TE,Seahawks,1,3,0
Will Hernandez,2023,G,Bengals,1,0,0
Will Hernandez,2023,G,Cardinals,0,0,1
Will Levis,2023,QB,Titans,0,8,1
Will Mallory,2023,TE,Colts,0,1,0
Will McDonald IV,2023,DE,Jets,2,2,1
William Gholston,2023,DE,Buccaneers,1,0,1
Willie Gay Jr.,2023,LB,Chiefs,0,1,2
Wyatt Teller,2023,G,Browns,0,5,1
Xavien Howard,2023,CB,Dolphins,2,1,6
Xavier Gipson,2023,WR,Jets,0,1,1
Xavier Hutchinson,2023,WR,Texans,0,1,0
Xavier McKinney,2023,S,Giants,0,2,0
Xavier Woods,2023,S,Dolphins,1,0,0
Xavier Woods,2023,S,Panthers,3,5,1
Yannick Ngakoue,2023,DE,Bears,0,2,0
Yasir Abdullah,2023,LB,Jaguars,0,1,0
Yaya Diaby,2023,LB,Buccaneers,0,1,0
Yetur Gross-Matos,2023,LB,Panthers,0,1,4
Yosh Nijman,2023,T,Packers,0,1,4
Younghoe Koo,2023,K,Falcons,0,1,0
Za'Darius Smith,2023,DE,Browns,4,3,1
Zach Allen,2023,DE,Broncos,0,1,0
Zach Charbonnet,2023,RB,Seahawks,1,2,0
Zach Cunningham,2023,LB,Eagles,3,3,2
Zach Ertz,2023,TE,Cardinals,0,0,1
Zach Pascal,2023,WR,Cardinals,3,1,1
Zach Tom,2023,T,49ers,0,0,1
Zach Tom,2023,T,Packers,0,1,1
Zach Triner,2023,LS,Buccaneers,0,1,0
Zach Wilson,2023,QB,Jets,2,1,0
Zack Bailey,2023,G,Chargers,2,0,0
Zack Martin,2023,G,Broncos,0,1,0
Zack Martin,2023,G,Cowboys,6,0,5
Zack Moss,2023,RB,Colts,4,1,1
Zaire Barnes,2023,LB,Jets,0,0,0
Zaire Franklin,2023,LB,Colts,1,2,0
Zaven Collins,2023,LB,Cardinals,1,2,0
Zay Flowers,2023,WR,Ravens,0,2,1
Zay Jones,2023,WR,Jaguars,5,0,8
Zayne Anderson,2023,S,49ers,1,0,0
Zayne Anderson,2023,S,Packers,2,1,1
Zeke Turner,2023,LB,Cardinals,1,0,1
Zion Johnson,2023,G,Chargers,1,2,0
