Player,Season,Position,Team,TotalInjuryCount
Amari Cooper,2023,WR,Browns,17
Joel Bitonio,2023,G,Browns,17
Tyron Smith,2023,T,Cowboys,16
Frank Ragnow,2023,C,Lions,16
Laremy Tunsil,2023,T,Texans,16
Robert Woods,2023,WR,Texans,16
Aaron Jones,2023,RB,Packers,15
Trent Brown,2023,T,Patriots,15
DeAndre Hopkins,2023,WR,Titans,15
Jamal Adams,2023,S,Seahawks,15
Kadarius Toney,2023,WR,Chiefs,15
L'Jarius Sneed,2023,CB,Chiefs,15
David Njoku,2023,TE,Browns,14
Calais Campbell,2023,DE,Falcons,14
Mekhi Becton,2023,T,Jets,14
Odell Beckham Jr.,2023,WR,Ravens,14
Marcedes Lewis,2023,TE,Bears,14
Myles Garrett,2023,DE,Browns,14
Ryan Ramczyk,2023,T,Saints,14
Elgton Jenkins,2023,G,Packers,14
Denico Autry,2023,DE,Titans,13
Trent Williams,2023,T,49ers,13
Zay Jones,2023,WR,Jaguars,13
Brian Allen,2023,C,Rams,13
Terron Armstead,2023,T,Dolphins,13
Jimmie Ward,2023,S,Texans,13
Jaire Alexander,2023,CB,Packers,13
Christian Barmore,2023,DT,Patriots,13
Derrick Henry,2023,RB,Titans,13
Christian Watson,2023,WR,Packers,13
Jimmy Graham,2023,TE,Saints,12
Maxx Crosby,2023,DE,Raiders,12
Kendre Miller,2023,RB,Saints,12
Braden Smith,2023,T,Colts,12
Isaac Seumalo,2023,G,Steelers,12
Raheem Mostert,2023,RB,Dolphins,12
Aaron Donald,2023,DT,Rams,12
Nick Bolton,2023,LB,Chiefs,12
Jonathan Jones,2023,CB,Patriots,12
Taylor Moton,2023,T,Panthers,12
Marlon Humphrey,2023,CB,Ravens,11
Micah Hyde,2023,S,Bills,11
Tyreek Hill,2023,WR,Dolphins,11
Cameron Heyward,2023,DT,Steelers,11
Jordyn Brooks,2023,LB,Seahawks,11
Juan Thornhill,2023,S,Browns,11
Anthony Walker,2023,LB,Browns,11
George Fant,2023,T,Texans,11
Adam Thielen,2023,WR,Panthers,11
Zack Martin,2023,G,Cowboys,11
DeForest Buckner,2023,DT,Colts,10
Khalil Mack,2023,DE,Chargers,10
Anthony Bradford,2023,G,Seahawks,10
Andrew Thomas,2023,T,Giants,10
De'Von Achane,2023,RB,Dolphins,10
Treylon Burks,2023,WR,Titans,10
Patrick Peterson,2023,CB,Steelers,10
Marquise Goodwin,2023,WR,Browns,10
Wan'Dale Robinson,2023,WR,Giants,10
Tyson Campbell,2023,CB,Jaguars,10
Minkah Fitzpatrick,2023,S,Steelers,10
Keenan Allen,2023,WR,Chargers,10
Luke Gifford,2023,LB,Titans,10
Cordarrelle Patterson,2023,RB,Falcons,10
Josh Allen,2023,QB,Bills,10
Ogbo Okoronkwo,2023,DE,Browns,10
Carlton Davis,2023,CB,Buccaneers,10
Jarran Reed,2023,DT,Seahawks,10
Evan Neal,2023,T,Giants,10
Tre Brown,2023,CB,Seahawks,10
Akeem Davis-Gaither,2023,LB,Bengals,10
Joey Bosa,2023,DE,Chargers,9
Dawson Knox,2023,TE,Bills,9
Marcus Williams,2023,S,Ravens,9
Saquon Barkley,2023,RB,Giants,9
DK Metcalf,2023,WR,Seahawks,9
Baron Browning,2023,LB,Broncos,9
Mike Purcell,2023,DT,Broncos,9
Blake Cashman,2023,LB,Texans,9
De'Vondre Campbell,2023,LB,Packers,9
Noah Brown,2023,WR,Texans,9
Dexter Lawrence,2023,DT,Giants,9
Kevin Strong,2023,DT,Cardinals,9
Rob Havenstein,2023,T,Rams,9
Kareem Hunt,2023,RB,Browns,9
Robert Hunt,2023,G,Dolphins,9
Quay Walker,2023,LB,Packers,9
Denzel Perryman,2023,LB,Texans,9
Denzel Ward,2023,CB,Browns,9
Duane Brown,2023,T,Jets,9
Xavier Woods,2023,S,Panthers,9
Xavien Howard,2023,CB,Dolphins,9
Will Levis,2023,QB,Titans,9
Ronnie Stanley,2023,T,Ravens,9
Vita Vea,2023,DT,Buccaneers,9
Lavonte David,2023,LB,Buccaneers,9
Curtis Samuel,2023,WR,Commanders,9
Leonard Floyd,2023,DE,Bills,9
Devin White,2023,LB,Buccaneers,9
Eddie Jackson,2023,S,Bears,8
Donovan Smith,2023,T,Chiefs,8
Jonah Jackson,2023,G,Lions,8
Brandin Cooks,2023,WR,Cowboys,8
Kenneth Walker III,2023,RB,Seahawks,8
Johnathan Hankins,2023,DT,Cowboys,8
Puka Nacua,2023,WR,Rams,8
Brian Burns,2023,LB,Panthers,8
Dre Greenlaw,2023,LB,49ers,8
Ben Skowronek,2023,WR,Rams,8
Jerick McKinnon,2023,RB,Chiefs,8
Cole Strange,2023,G,Patriots,8
Marquise Brown,2023,WR,Cardinals,8
Zach Cunningham,2023,LB,Eagles,8
Darnell Savage,2023,S,Packers,8
Za'Darius Smith,2023,DE,Browns,8
Will Anderson Jr.,2023,DE,Texans,8
Larrell Murchison,2023,DT,Rams,8
Darren Waller,2023,TE,Giants,8
James Smith-Williams,2023,DE,Commanders,8
Greg Newsome II,2023,CB,Browns,8
Rashawn Slater,2023,T,Chargers,8
Mike Evans,2023,WR,Buccaneers,8
Rashan Gary,2023,LB,Packers,8
Demarcus Lawrence,2023,DE,Cowboys,8
Andrus Peat,2023,G,Saints,8
Julius Brents,2023,CB,Colts,8
Jaylen Waddle,2023,WR,Dolphins,8
DeVante Parker,2023,WR,Patriots,8
Jevon Holland,2023,S,Dolphins,8
Connor Williams,2023,C,Dolphins,8
Quincy Williams,2023,LB,Jets,8
Ernest Jones,2023,LB,Rams,8
Deane Leonard,2023,CB,Chargers,8
Joe Noteboom,2023,T,Rams,8
Chidobe Awuzie,2023,CB,Bengals,8
Marquis Haynes,2023,LB,Panthers,8
Damien Lewis,2023,G,Seahawks,8
Nate Davis,2023,G,Bears,8
Rico Dowdle,2023,RB,Cowboys,7
Sean Murphy-Bunting,2023,CB,Titans,7
Cameron Jordan,2023,DE,Saints,7
Josh Whyle,2023,TE,Titans,7
Sheldon Rankins,2023,DT,Texans,7
Sebastian Joseph-Day,2023,DT,Chargers,7
Shaq Mason,2023,G,Texans,7
Kendall Fuller,2023,CB,Commanders,7
Nate Hobbs,2023,CB,Raiders,7
Jourdan Lewis,2023,CB,Cowboys,7
Ryan Kelly,2023,C,Colts,7
Kelvin Beachum,2023,T,Cardinals,7
Shaun Wade,2023,CB,Patriots,7
Justin Herbert,2023,QB,Chargers,7
Maliek Collins,2023,DT,Texans,7
DeVonta Smith,2023,WR,Eagles,7
John Franklin-Myers,2023,DE,Jets,7
Breece Hall,2023,RB,Jets,7
Anthony Kendall,2023,CB,Titans,7
Gerald Everett,2023,TE,Chargers,7
Durham Smythe,2023,TE,Dolphins,7
Jaycee Horn,2023,CB,Panthers,7
Chris Olave,2023,WR,Saints,7
Greg Dulcich,2023,TE,Broncos,7
Jaquan Brisker,2023,S,Bears,7
Von Miller,2023,LB,Bills,7
Walker Little,2023,T,Jaguars,7
Jamel Dean,2023,CB,Buccaneers,7
Odafe Oweh,2023,LB,Ravens,7
Alec Ingold,2023,FB,Dolphins,7
Jalen Nailor,2023,WR,Vikings,7
Adoree' Jackson,2023,CB,Giants,7
Abraham Lucas,2023,T,Seahawks,7
Isiah Pacheco,2023,RB,Chiefs,7
Darius Slay,2023,CB,Eagles,7
Aaron Banks,2023,G,49ers,7
AJ Dillon,2023,RB,Packers,7
Ja'Whaun Bentley,2023,LB,Patriots,7
Tyler Lockett,2023,WR,Seahawks,7
Jayden Reed,2023,WR,Packers,7
Kolton Miller,2023,T,Raiders,7
Trevor Lawrence,2023,QB,Jaguars,7
Teair Tart,2023,DT,Titans,7
Taylor Decker,2023,T,Lions,7
Jonathan Allen,2023,DT,Commanders,7
Jerome Ford,2023,RB,Browns,7
Benjamin St-Juste,2023,CB,Commanders,7
Evan Brown,2023,C,Seahawks,7
Tavierre Thomas,2023,CB,Texans,7
Azeez Ojulari,2023,DE,Giants,7
Kenny Pickett,2023,QB,Steelers,7
Stephon Gilmore,2023,CB,Cowboys,7
David Onyemata,2023,DT,Falcons,7
Stephen Sullivan,2023,TE,Panthers,7
Chris Godwin,2023,WR,Buccaneers,7
Phil Haynes,2023,G,Seahawks,7
Noah Sewell,2023,LB,Bears,6
Christian Braswell,2023,CB,Jaguars,6
"Kenneth Murray, Jr.",2023,LB,Chargers,6
Larry Ogunjobi,2023,DT,Steelers,6
Kayshon Boutte,2023,WR,Patriots,6
Charles Cross,2023,T,Seahawks,6
David Montgomery,2023,RB,Lions,6
Rhamondre Stevenson,2023,RB,Patriots,6
Reed Blankenship,2023,S,Eagles,6
Ray-Ray McCloud,2023,WR,49ers,6
Leonard Williams,2023,DT,Seahawks,6
Dawand Jones,2023,T,Browns,6
Chris Manhertz,2023,TE,Broncos,6
Otito Ogbonnia,2023,DT,Chargers,6
Davon Godchaux,2023,DT,Patriots,6
Deatrich Wise,2023,DE,Patriots,6
Davante Adams,2023,WR,Raiders,6
Riley Reiff,2023,T,Patriots,6
JuJu Smith-Schuster,2023,WR,Patriots,6
Demario Douglas,2023,WR,Patriots,6
Grant Delpit,2023,S,Browns,6
Billy Turner,2023,T,Jets,6
Tommy Tremble,2023,TE,Panthers,6
Miles Sanders,2023,RB,Panthers,6
Fletcher Cox,2023,DT,Eagles,6
Trey Pipkins,2023,T,Chargers,6
Frankie Luvu,2023,LB,Panthers,6
Jerry Jeudy,2023,WR,Broncos,6
Antonio Hamilton,2023,CB,Cardinals,6
Troy Hill,2023,CB,Panthers,6
Jeffery Simmons,2023,DT,Titans,6
DJ Chark,2023,WR,Panthers,6
Matthew Slater,2023,WR,Patriots,6
Cordale Flott,2023,CB,Giants,6
Andre Cisco,2023,S,Jaguars,6
Equanimeous St. Brown,2023,WR,Bears,6
Tytus Howard,2023,T,Texans,6
Vonn Bell,2023,S,Panthers,6
Alohi Gilman,2023,S,Chargers,6
D'Wayne Eskridge,2023,WR,Seahawks,6
Hayden Hurst,2023,TE,Panthers,6
Jalen Thompson,2023,S,Cardinals,6
Wyatt Teller,2023,G,Browns,6
Jalen Ramsey,2023,CB,Dolphins,6
Akayleb Evans,2023,CB,Vikings,6
Isaiah Foskey,2023,DE,Saints,6
Zack Moss,2023,RB,Colts,6
Michael Wilson,2023,WR,Cardinals,6
Jaelan Phillips,2023,LB,Dolphins,6
Terell Smith,2023,CB,Bears,6
Jonathan Greenard,2023,DE,Texans,6
Dontayvion Wicks,2023,WR,Packers,6
Malik Hooker,2023,S,Cowboys,6
Justin Watson,2023,WR,Chiefs,6
Justin Simmons,2023,S,Broncos,6
Luke Musgrave,2023,TE,Packers,6
Rudy Ford,2023,S,Packers,6
C.J. Stroud,2023,QB,Texans,6
Ryan Neal,2023,S,Buccaneers,6
Deshaun Watson,2023,QB,Browns,6
Ryan Tannehill,2023,QB,Titans,6
Diontae Johnson,2023,WR,Steelers,6
Juwan Johnson,2023,TE,Saints,6
Samaje Perine,2023,RB,Broncos,6
Derek Carr,2023,QB,Saints,6
Sione Takitaki,2023,LB,Browns,6
SirVocea Dennis,2023,LB,Buccaneers,6
Josh Jones,2023,G,Texans,6
Kaiir Elam,2023,CB,Bills,6
Steven Nelson,2023,CB,Texans,6
Najee Harris,2023,RB,Steelers,6
Elijah Mitchell,2023,RB,49ers,6
Jonathan Ledbetter,2023,DE,Cardinals,6
Robert Jones,2023,G,Dolphins,6
Emmanuel Forbes,2023,CB,Commanders,6
Daniel Brunskill,2023,G,Titans,5
Dareke Young,2023,WR,Seahawks,5
Lucas Patrick,2023,C,Bears,5
Dameon Pierce,2023,RB,Texans,5
Dallas Goedert,2023,TE,Eagles,5
Marcus Davenport,2023,DE,Vikings,5
Marcus Maye,2023,S,Saints,5
Dalton Kincaid,2023,TE,Bills,5
Dalton Schultz,2023,TE,Texans,5
A'Shawn Robinson,2023,DT,Giants,5
Laviska Shenault Jr.,2023,WR,Panthers,5
Eric Kendricks,2023,LB,Chargers,5
John Metchie III,2023,WR,Texans,5
Eric Stokes,2023,CB,Packers,5
Ethan Pocic,2023,C,Browns,5
Joe Tippmann,2023,C,Jets,5
Joe Burrow,2023,QB,Bengals,5
Jerry Jacobs,2023,CB,Lions,5
Gary Brightwell,2023,RB,Giants,5
Geno Smith,2023,QB,Seahawks,5
Jeff Okudah,2023,CB,Falcons,5
Jayron Kearse,2023,S,Cowboys,5
Jaylen Watson,2023,CB,Chiefs,5
Javon Hargrave,2023,DT,49ers,5
Grant Calcaterra,2023,TE,Eagles,5
James Pierre,2023,CB,Steelers,5
James Hurst,2023,T,Saints,5
Jalen Guyton,2023,WR,Chargers,5
Jakorian Bennett,2023,CB,Raiders,5
Jake Hansen,2023,LB,Texans,5
J.T. Gray,2023,S,Saints,5
John Michael Schmitz,2023,C,Giants,5
Emmanuel Moseley,2023,CB,Lions,5
Kyler Murray,2023,QB,Cardinals,5
Emari Demercado,2023,RB,Cardinals,5
Deebo Samuel Sr.,2023,WR,49ers,5
Keaton Mitchell,2023,RB,Ravens,5
Demetrius Flannigan-Fowles,2023,LB,49ers,5
Kaleb McGary,2023,T,Falcons,5
Derick Hall,2023,LB,Seahawks,5
Justin Jefferson,2023,WR,Vikings,5
Justin Fields,2023,QB,Bears,5
Justin Evans,2023,S,Eagles,5
Devon Witherspoon,2023,CB,Seahawks,5
Divine Deablo,2023,LB,Raiders,5
Donald Parham,2023,TE,Chargers,5
Josh Woods,2023,LB,Cardinals,5
Josh Tupou,2023,DT,Bengals,5
Josh Palmer,2023,WR,Chargers,5
Josh Hayes,2023,CB,Buccaneers,5
Elandon Roberts,2023,LB,Steelers,5
Jordan Kunaszyk,2023,LB,Browns,5
Elijah Campbell,2023,S,Dolphins,5
Jonathan Owens,2023,S,Packers,5
Michael Carter II,2023,CB,Jets,5
D'Onta Foreman,2023,RB,Bears,5
Rashod Bateman,2023,WR,Ravens,5
Braxton Berrios,2023,WR,Dolphins,5
Brevin Jordan,2023,TE,Texans,5
Brenton Strange,2023,TE,Jaguars,5
Sidy Sow,2023,T,Patriots,5
Yosh Nijman,2023,T,Packers,5
Christian Benford,2023,CB,Bills,5
Noah Fant,2023,TE,Seahawks,5
Zach Pascal,2023,WR,Cardinals,5
Tyler Larsen,2023,C,Commanders,5
Nico Collins,2023,WR,Texans,5
Nick Williams,2023,DT,Chargers,5
Spencer Burford,2023,G,49ers,5
Nick Vannett,2023,TE,Chargers,5
Aaron Rodgers,2023,QB,Jets,5
Nick Harris,2023,C,Browns,5
Yetur Gross-Matos,2023,LB,Panthers,5
Brian Asamoah,2023,LB,Vikings,5
Antonio Johnson,2023,S,Jaguars,5
Quandre Diggs,2023,S,Seahawks,5
Amen Ogbongbemiga,2023,LB,Chargers,5
Cam Taylor-Britt,2023,CB,Bengals,5
Cedric Tillman,2023,WR,Browns,5
Cam Jurgens,2023,G,Eagles,5
Robert Spillane,2023,LB,Raiders,5
Calijah Kancey,2023,DT,Buccaneers,5
C.J. Henderson,2023,CB,Panthers,5
Pat Freiermuth,2023,TE,Steelers,5
Peyton Hendershot,2023,TE,Cowboys,5
Alex Wright,2023,DE,Browns,5
Will McDonald IV,2023,DE,Jets,5
Andrew Van Ginkel,2023,LB,Dolphins,5
Chris Brooks,2023,RB,Dolphins,5
Sam Hubbard,2023,DE,Bengals,5
Tank Dell,2023,WR,Texans,5
Richie James,2023,WR,Chiefs,5
Chuma Edoga,2023,T,Cowboys,5
Taysom Hill,2023,QB,Saints,5
Baker Mayfield,2023,QB,Buccaneers,5
Travis Kelce,2023,TE,Chiefs,5
Mike Edwards,2023,S,Chiefs,5
Austin Ekeler,2023,RB,Chargers,5
Mike Greene,2023,DT,Buccaneers,5
Mike Onwenu,2023,G,Patriots,5
Milton Williams,2023,DT,Eagles,5
Tee Higgins,2023,WR,Bengals,5
Arik Armstead,2023,DT,49ers,5
Montravius Adams,2023,DT,Steelers,5
Morgan Moses,2023,T,Ravens,5
Artie Burns,2023,CB,Seahawks,5
Clyde Edwards-Helaire,2023,RB,Chiefs,5
Josh Blackwell,2023,CB,Bears,4
C.J. Beathard,2023,QB,Jaguars,4
Andrew Beck,2023,FB,Texans,4
Graham Gano,2023,K,Giants,4
Justin Pugh,2023,G,Giants,4
Ross Dwelley,2023,TE,49ers,4
Travis Homer,2023,RB,Bears,4
Justin Houston,2023,LB,Panthers,4
Salvon Ahmed,2023,RB,Dolphins,4
Andre James,2023,C,Raiders,4
Erik McCoy,2023,C,Saints,4
Andrew Ogletree,2023,TE,Colts,4
Sam Cosmi,2023,G,Commanders,4
Tyrique Stevenson,2023,CB,Bears,4
Frank Clark,2023,LB,Broncos,4
Geron Christian,2023,T,Browns,4
Bud Dupree,2023,LB,Falcons,4
Baylon Spector,2023,LB,Bills,4
Tyrone Wheatley Jr.,2023,T,Patriots,4
Jonathan Taylor,2023,RB,Colts,4
Kader Kohou,2023,CB,Dolphins,4
Ambry Thomas,2023,CB,49ers,4
Jaren Hall,2023,QB,Vikings,4
Austin Jackson,2023,T,Dolphins,4
Jordan Howden,2023,S,Saints,4
Viliami Fehoko Jr.,2023,DE,Cowboys,4
Cam Lewis,2023,CB,Bills,4
Foley Fatukasi,2023,DT,Jaguars,4
T.J. Watt,2023,LB,Steelers,4
Bradley Roby,2023,CB,Eagles,4
Trevon Wesco,2023,TE,Titans,4
KaVontae Turpin,2023,WR,Cowboys,4
Deonte Banks,2023,CB,Giants,4
K'Von Wallace,2023,S,Titans,4
Roger McCreary,2023,CB,Titans,4
Bryce Young,2023,QB,Panthers,4
Bryan Cook,2023,S,Chiefs,4
Boye Mafe,2023,LB,Seahawks,4
Tedarrell Slaton,2023,DT,Packers,4
Tristan Wirfs,2023,T,Buccaneers,4
Dre'Mont Jones,2023,DE,Seahawks,4
Drew Dalman,2023,C,Falcons,4
Brandon Facyson,2023,CB,Raiders,4
Demario Davis,2023,LB,Saints,4
Drue Tranquill,2023,LB,Chiefs,4
Garrett Williams,2023,CB,Cardinals,4
Sydney Brown,2023,S,Eagles,4
Brandon Scherff,2023,G,Jaguars,4
Tyler Biadasz,2023,C,Cowboys,4
Bobby Wagner,2023,LB,Seahawks,4
Emanuel Wilson,2023,RB,Packers,4
Elijah Wilkinson,2023,G,Cardinals,4
Dustin Hopkins,2023,K,Browns,4
Jordan Poyer,2023,S,Bills,4
Anthony McFarland,2023,RB,Steelers,4
Devonte Wyatt,2023,DE,Packers,4
Julian Hill,2023,TE,Dolphins,4
Sam Franklin Jr.,2023,S,Panthers,4
Jimmy Garoppolo,2023,QB,Raiders,4
Austin Corbett,2023,G,Panthers,4
Tommy Townsend,2023,P,Chiefs,4
Curtis Bolton,2023,LB,Raiders,4
Jordan Davis,2023,DT,Eagles,4
Brian Robinson,2023,RB,Commanders,4
Jordan Phillips,2023,DT,Bills,4
Donovan Wilson,2023,S,Cowboys,4
Jedrick Wills,2023,T,Browns,4
T.J. Hockenson,2023,TE,Vikings,4
Terrel Bernard,2023,LB,Bills,4
Joshua Uche,2023,LB,Patriots,4
Joshua Paschal,2023,DE,Lions,4
Tyler Higbee,2023,TE,Rams,4
Samuel Womack,2023,CB,49ers,4
Cameron Sample,2023,DE,Bengals,4
Nik Bonitto,2023,LB,Broncos,4
Nic Jones,2023,CB,Chiefs,4
Aaron Brewer,2023,G,Titans,4
Malcolm Koonce,2023,DE,Raiders,4
Mack Hollins,2023,WR,Falcons,4
Jake Matthews,2023,T,Falcons,4
Dane Jackson,2023,CB,Bills,4
Liam Eichenberg,2023,G,Dolphins,4
Daniel Jones,2023,QB,Giants,4
Lester Cotton,2023,G,Dolphins,4
Nik Needham,2023,CB,Dolphins,4
Ifeatu Melifonwu,2023,S,Lions,4
Christian Harris,2023,LB,Texans,4
Christian Darrisaw,2023,T,Vikings,4
Chris Rodriguez Jr.,2023,RB,Commanders,4
Chris Reed,2023,G,Vikings,4
Greg Zuerlein,2023,K,Jets,4
Landon Young,2023,T,Saints,4
Oren Burks,2023,LB,49ers,4
David Andrews,2023,C,Patriots,4
David Bakhtiari,2023,T,Packers,4
Malik Harrison,2023,LB,Ravens,4
Jake Bobo,2023,WR,Seahawks,4
Cobie Durant,2023,CB,Rams,4
Coby Bryant,2023,CB,Seahawks,4
Michael Hoecht,2023,LB,Rams,4
Jack Stoll,2023,TE,Eagles,4
A.J. Epenesa,2023,DE,Bills,4
Jack Gibbens,2023,LB,Titans,4
Jadeveon Clowney,2023,LB,Ravens,4
Cooper Kupp,2023,WR,Rams,4
D.J. Jones,2023,DT,Broncos,4
Ja'Marr Chase,2023,WR,Bengals,4
Matt Waletzko,2023,T,Cowboys,4
Matt Peart,2023,T,Giants,4
Matt Feiler,2023,G,Buccaneers,4
Mike Ford,2023,CB,Browns,4
DJ Davidson,2023,DT,Giants,4
Marvin Mims Jr.,2023,WR,Broncos,4
JT Woods,2023,S,Chargers,4
Cole Kmet,2023,TE,Bears,4
Zayne Anderson,2023,S,Packers,4
Myles Bryant,2023,CB,Patriots,4
Cody Davis,2023,S,Patriots,4
David Bell,2023,WR,Browns,4
Darrell Luter Jr.,2023,CB,49ers,4
Kevin Dotson,2023,G,Rams,4
DeShon Elliott,2023,S,Dolphins,4
Chase Brown,2023,RB,Bengals,4
Pierre Strong,2023,RB,Browns,4
James Daniels,2023,G,Steelers,4
Alexander Mattison,2023,RB,Vikings,4
Kenny McIntosh,2023,RB,Seahawks,4
Kenny Clark,2023,DE,Packers,4
Charles Leno Jr.,2023,T,Commanders,4
Chandler Zavala,2023,G,Panthers,4
Kendall Lamm,2023,T,Dolphins,4
James Bradberry,2023,CB,Eagles,4
Quentin Lake,2023,S,Rams,4
Halapoulivaati Vaitai,2023,G,Lions,4
Quez Watkins,2023,WR,Eagles,4
Wes Schweitzer,2023,G,Jets,4
Rashee Rice,2023,WR,Chiefs,4
Amani Hooker,2023,S,Titans,4
Keisean Nixon,2023,CB,Packers,4
Grover Stewart,2023,DT,Colts,4
Chase Claypool,2023,WR,Dolphins,4
Ezra Cleveland,2023,G,Jaguars,4
Krys Barnes,2023,LB,Cardinals,4
Jamal Agnew,2023,WR,Jaguars,4
Henry To'oTo'o,2023,LB,Texans,4
Kylen Granson,2023,TE,Colts,4
Ian Thomas,2023,TE,Panthers,4
Jalyn Armour-Davis,2023,CB,Ravens,4
Hunter Long,2023,TE,Rams,4
Chazz Surratt,2023,LB,Jets,4
Percy Butler,2023,S,Commanders,4
Hunter Henry,2023,TE,Patriots,4
Will Dissly,2023,TE,Seahawks,4
Jalen Carter,2023,DT,Eagles,3
Jason Cabinda,2023,FB,Lions,3
Tyquan Thornton,2023,WR,Patriots,3
Trey Hendrickson,2023,DE,Bengals,3
Jalen Pitre,2023,S,Texans,3
Tyler Smith,2023,T,Cowboys,3
Jason Brownlee,2023,WR,Jets,3
Jamaal Williams,2023,RB,Saints,3
Willie Gay Jr.,2023,LB,Chiefs,3
Vederian Lowe,2023,T,Patriots,3
Trenton Simpson,2023,LB,Ravens,3
Jamie Gillan,2023,P,Giants,3
Joe Flacco,2023,QB,Browns,3
Jauan Jennings,2023,WR,49ers,3
Jesse Luketa,2023,LB,Cardinals,3
Zay Flowers,2023,WR,Ravens,3
James Mitchell,2023,TE,Lions,3
Ty Johnson,2023,RB,Bills,3
Zach Wilson,2023,QB,Jets,3
Jakobi Meyers,2023,WR,Raiders,3
James Conner,2023,RB,Cardinals,3
Jakob Johnson,2023,FB,Raiders,3
Zach Charbonnet,2023,RB,Seahawks,3
Trystan Colon,2023,C,Cardinals,3
Zaire Franklin,2023,LB,Colts,3
Jaxon Smith-Njigba,2023,WR,Seahawks,3
Tyler Linderbaum,2023,C,Ravens,3
Jerry Hughes,2023,DE,Texans,3
Tyler Boyd,2023,WR,Bengals,3
Jake Browning,2023,QB,Bengals,3
James Hudson,2023,T,Browns,3
Zaven Collins,2023,LB,Cardinals,3
Jeremy Chinn,2023,S,Panthers,3
Jeremy Ruckert,2023,TE,Jets,3
Jaylon Johnson,2023,CB,Bears,3
Michael Deiter,2023,C,Texans,3
Tremaine Edmunds,2023,LB,Bears,3
Khari Blasingame,2023,FB,Bears,3
Parris Campbell,2023,WR,Giants,3
Kyle Philips,2023,WR,Titans,3
Kyle Hamilton,2023,S,Ravens,3
Patrick Mahomes,2023,QB,Chiefs,3
Kyle Dugger,2023,S,Patriots,3
Paulson Adebo,2023,CB,Saints,3
Payton Turner,2023,DE,Saints,3
Kristian Fulton,2023,CB,Titans,3
Kingsley Enagbare,2023,LB,Packers,3
Peter Skoronski,2023,T,Titans,3
Osa Odighizuwa,2023,DT,Cowboys,3
Khalil Herbert,2023,RB,Bears,3
Khalil Dorsey,2023,CB,Lions,3
Kenny Yeboah,2023,TE,Jets,3
Pressley Harvin III,2023,P,Steelers,3
Quan Martin,2023,CB,Commanders,3
Kene Nwangwu,2023,RB,Vikings,3
Quenton Nelson,2023,G,Colts,3
Quintin Morris,2023,TE,Bills,3
Keith Smith,2023,FB,Falcons,3
P.J. Locke,2023,S,Broncos,3
Landon Dickerson,2023,G,Eagles,3
Reid Ferguson,2023,LS,Bills,3
Malik Hamm,2023,LB,Ravens,3
Micheal Clemons,2023,DE,Jets,3
Mecole Hardman,2023,WR,Chiefs,3
Mike Brown,2023,S,Titans,3
Matthew Adams,2023,LB,Browns,3
Mike Hughes,2023,CB,Falcons,3
Mark Andrews,2023,TE,Ravens,3
Marcus Peters,2023,CB,Raiders,3
Marcus Epps,2023,S,Raiders,3
Nate Landman,2023,LB,Falcons,3
Nick Bellore,2023,LB,Seahawks,3
Larry Borom,2023,T,Bears,3
Nick Bosa,2023,DE,49ers,3
Nick Herbig,2023,LB,Steelers,3
Lonnie Johnson,2023,CB,Saints,3
Logan Thomas,2023,TE,Commanders,3
Logan Hall,2023,DE,Buccaneers,3
Lloyd Cushenberry III,2023,C,Broncos,3
Levi Wallace,2023,CB,Steelers,3
Leki Fotu,2023,DT,Cardinals,3
Lawrence Cager,2023,TE,Giants,3
Rashid Shaheed,2023,WR,Saints,3
Kayvon Thibodeaux,2023,LB,Giants,3
Tre'Davious White,2023,CB,Bills,3
Taron Johnson,2023,CB,Bills,3
Josh Myers,2023,C,Packers,3
Spencer Brown,2023,T,Bills,3
Josh Jacobs,2023,RB,Raiders,3
Josh Hines-Allen,2023,LB,Jaguars,3
Stefon Diggs,2023,WR,Bills,3
Joseph Ossai,2023,DE,Bengals,3
Jordan Mason,2023,RB,49ers,3
TK McLendon Jr.,2023,DE,Titans,3
Jonnu Smith,2023,TE,Falcons,3
Taylor Rapp,2023,S,Bills,3
Shelby Harris,2023,DT,Browns,3
Teddy Bridgewater,2023,QB,Lions,3
Terrell Edmunds,2023,S,Titans,3
Teven Jenkins,2023,T,Bears,3
Tony Adams,2023,S,Jets,3
Tony Brown,2023,CB,Colts,3
Tony Pollard,2023,RB,Cowboys,3
Travis Etienne,2023,RB,Jaguars,3
A.J. Brown,2023,WR,Eagles,3
Tre Avery,2023,CB,Titans,3
Skyy Moore,2023,WR,Chiefs,3
Josiah Deguara,2023,TE,Packers,3
Riq Woolen,2023,CB,Seahawks,3
Justin Shorter,2023,WR,Bills,3
River Cracraft,2023,WR,Dolphins,3
Robert Beal Jr.,2023,DE,49ers,3
Robert Rochell,2023,CB,Packers,3
Kaevon Merriweather,2023,S,Buccaneers,3
Roderic Teamer,2023,S,Raiders,3
K.J. Osborn,2023,WR,Vikings,3
Romeo Doubs,2023,WR,Packers,3
Roquan Smith,2023,LB,Ravens,3
Roschon Johnson,2023,RB,Bears,3
Justin Reid,2023,S,Chiefs,3
Shaquill Griffin,2023,CB,Texans,3
Justin Herron,2023,T,Raiders,3
Justin Hardee,2023,CB,Jets,3
Sam Eguavoen,2023,LB,Jets,3
Justice Hill,2023,RB,Ravens,3
Julio Jones,2023,WR,Eagles,3
Julian Love,2023,S,Seahawks,3
Sam LaPorta,2023,TE,Lions,3
Segun Olubi,2023,LB,Colts,3
Shaq Lawson,2023,DE,Bills,3
Jack Jones,2023,CB,Patriots,3
Joey Blount,2023,S,Cardinals,3
Zion Johnson,2023,G,Chargers,3
Greg Dortch,2023,WR,Cardinals,3
DaVon Hamilton,2023,DT,Jaguars,3
Greg Rousseau,2023,DE,Bills,3
Greg Van Roten,2023,G,Raiders,3
Alex Armah,2023,FB,Commanders,3
Daiyan Henley,2023,LB,Chargers,3
Gregory Junior,2023,CB,Jaguars,3
Blake Grupe,2023,K,Saints,3
Darnell Mooney,2023,WR,Bears,3
Elijah Molden,2023,CB,Titans,3
Frank Clark,2023,LB,Seahawks,3
Byron Murphy,2023,CB,Vikings,3
DeShawn Williams,2023,DE,Panthers,3
Harold Landry,2023,LB,Titans,3
Dean Lowry,2023,DE,Vikings,3
Carter Warren,2023,T,Jets,3
DeeJay Dallas,2023,RB,Seahawks,3
Amik Robertson,2023,CB,Raiders,3
Cody Mauch,2023,G,Buccaneers,3
Foster Moreau,2023,TE,Saints,3
Cameron Brown,2023,LB,Giants,3
Eric Johnson,2023,DT,Colts,3
Cody Barton,2023,LB,Commanders,3
Dwayne Washington,2023,RB,Broncos,3
Brandon Jones,2023,S,Dolphins,3
George Kittle,2023,TE,49ers,3
Amare Barno,2023,LB,Panthers,3
Amon-Ra St. Brown,2023,WR,Lions,3
D.J. Reader,2023,DT,Bengals,3
Cade Mays,2023,G,Panthers,3
Arthur Maulet,2023,CB,Ravens,3
DaQuan Jones,2023,DT,Bills,3
Daryl Worley,2023,S,Ravens,3
Garrett Bradbury,2023,C,Vikings,3
Allen Lazard,2023,WR,Jets,3
D'Ante Smith,2023,T,Bengals,3
Darrell Taylor,2023,LB,Seahawks,3
Cam Robinson,2023,T,Jaguars,3
Boston Scott,2023,RB,Eagles,3
D'Andre Swift,2023,RB,Eagles,3
Garett Bolles,2023,T,Broncos,3
Bobby Price,2023,CB,Cardinals,3
Dylan Cole,2023,LB,Bears,3
Damar Hamlin,2023,S,Bills,3
Colby Parkinson,2023,TE,Seahawks,3
Hendon Hooker,2023,QB,Lions,3
Ben Bredeson,2023,G,Giants,3
Charlie Jones,2023,WR,Bengals,3
Devin Harper,2023,LB,Bengals,3
Alaric Jackson,2023,T,Rams,3
Israel Abanikanda,2023,RB,Jets,3
Brock Wright,2023,TE,Lions,3
Christian Holmes,2023,CB,Commanders,3
Daniel Carlson,2023,K,Raiders,3
Devin Duvernay,2023,WR,Ravens,3
Anthony Nelson,2023,LB,Buccaneers,3
Devin Lloyd,2023,LB,Jaguars,3
Chris Moore,2023,WR,Titans,3
Chris Lindstrom,2023,G,Falcons,3
Brock Purdy,2023,QB,49ers,3
Derwin James,2023,S,Chargers,3
Jabrill Peppers,2023,S,Patriots,3
Chris Hubbard,2023,T,Titans,3
B.J. Hill,2023,DT,Bengals,3
Brian O'Neill,2023,T,Vikings,3
Charlie Heck,2023,T,Texans,3
Christian McCaffrey,2023,RB,49ers,3
Donte Jackson,2023,CB,Panthers,3
Chukwuma Okorafor,2023,T,Steelers,3
Dorian Williams,2023,LB,Bills,3
Dorian Thompson-Robinson,2023,QB,Browns,3
Claudin Cherelus,2023,LB,Panthers,3
Ezekiel Elliott,2023,RB,Patriots,3
Bernhard Raimann,2023,T,Colts,3
DJ Johnson,2023,LB,Panthers,3
Brian Branch,2023,S,Lions,3
Damontae Kazee,2023,S,Steelers,3
Chandler Wooten,2023,LB,Panthers,3
Isaiah Buggs,2023,DT,Lions,3
Shaquille Leonard,2023,LB,Colts,2
LaCale London,2023,DT,Falcons,2
Kyren Williams,2023,RB,Rams,2
Siaki Ika,2023,DT,Browns,2
Dare Ogunbowale,2023,RB,Texans,2
Logan Wilson,2023,LB,Bengals,2
Starling Thomas V,2023,CB,Cardinals,2
Daniel Bellinger,2023,TE,Giants,2
Solomon Thomas,2023,DT,Jets,2
Daniel Brunskill,2023,C,Titans,2
Braxton Jones,2023,T,Bears,2
Sheldon Day,2023,DT,Vikings,2
Darnell Washington,2023,TE,Steelers,2
Daniel Whelan,2023,P,Packers,2
Levi Onwuzurike,2023,DE,Lions,2
Shaquil Barrett,2023,LB,Buccaneers,2
Lane Johnson,2023,T,Eagles,2
Lewis Cine,2023,S,Vikings,2
Darnell Wright,2023,T,Bears,2
Bobby Okereke,2023,LB,Giants,2
Brandon Johnson,2023,WR,Broncos,2
Bilal Nichols,2023,DT,Raiders,2
Terry McLaurin,2023,WR,Commanders,2
Keeanu Benton,2023,DT,Steelers,2
Tershawn Wharton,2023,DT,Chiefs,2
Keaontay Ingram,2023,RB,Cardinals,2
Thayer Munford Jr.,2023,T,Raiders,2
Theo Jackson,2023,S,Vikings,2
Benito Jones,2023,DT,Lions,2
Kana'i Mauga,2023,LB,Raiders,2
Kamu Grugier-Hill,2023,LB,Panthers,2
Kamren Curl,2023,S,Commanders,2
Kalif Raymond,2023,WR,Lions,2
Ben Powers,2023,G,Broncos,2
Tony Fields II,2023,LB,Browns,2
Ka'imi Fairbairn,2023,K,Texans,2
Deon Jackson,2023,RB,Giants,2
K.J. Britt,2023,LB,Buccaneers,2
Justyn Ross,2023,WR,Chiefs,2
Derek Stingley Jr.,2023,CB,Texans,2
Tre Hawkins III,2023,CB,Giants,2
Keion White,2023,DE,Patriots,2
Dee Alford,2023,CB,Falcons,2
Kyler Gordon,2023,CB,Bears,2
DeMarcus Walker,2023,DE,Bears,2
Sterling Shepard,2023,WR,Giants,2
Brandon Aiyuk,2023,WR,49ers,2
Brandin Echols,2023,CB,Jets,2
Bradley Pinion,2023,P,Falcons,2
Tae Davis,2023,LB,Falcons,2
Talanoa Hufanga,2023,S,49ers,2
Tanner Muse,2023,LB,Chargers,2
Ko Kieft,2023,TE,Buccaneers,2
Bradley Bozeman,2023,C,Panthers,2
Khyiris Tonga,2023,DT,Vikings,2
De'Jon Harris,2023,LB,Commanders,2
Taylor Heinicke,2023,QB,Falcons,2
Bobby McCain,2023,S,Giants,2
Kevon Seymour,2023,CB,Ravens,2
Bobby Brown III,2023,DT,Rams,2
DeAndre Carter,2023,WR,Raiders,2
Kerby Joseph,2023,S,Lions,2
Kenny Moore II,2023,CB,Colts,2
DeMarcco Hellams,2023,S,Falcons,2
Shane Lemieux,2023,G,Giants,2
Saahdiq Charles,2023,G,Commanders,2
Lonnie Johnson,2023,S,Saints,2
Mitchell Wilcox,2023,TE,Bengals,2
Raekwon Davis,2023,DT,Dolphins,2
Raheem Blackshear,2023,RB,Panthers,2
Nash Jensen,2023,G,Panthers,2
Rakeem Nunez-Roches,2023,DT,Giants,2
Nakobe Dean,2023,LB,Eagles,2
Rakim Jarrett,2023,WR,Buccaneers,2
Randall Cobb,2023,WR,Jets,2
Cole Holcomb,2023,LB,Steelers,2
Montez Sweat,2023,DE,Commanders,2
Carter Coughlin,2023,LB,Giants,2
Michael Mayer,2023,TE,Raiders,2
Rasul Douglas,2023,CB,Bills,2
Coleman Shelton,2023,C,Rams,2
Mike Morris,2023,DE,Seahawks,2
Cameron Thomas,2023,LB,Cardinals,2
Riley Moss,2023,CB,Broncos,2
Cameron Sutton,2023,CB,Lions,2
Cameron Mitchell,2023,CB,Browns,2
Corey Bojorquez,2023,P,Browns,2
Michael Thomas,2023,WR,Saints,2
Neville Hewitt,2023,LB,Texans,2
Nicholas Morrow,2023,LB,Eagles,2
CeeDee Lamb,2023,WR,Cowboys,2
Nick Bawden,2023,FB,Jets,2
Patrick Jones II,2023,DE,Vikings,2
Pat Surtain II,2023,CB,Broncos,2
Chris Jones,2023,DT,Chiefs,2
Parker Washington,2023,WR,Jaguars,2
Chig Okonkwo,2023,TE,Titans,2
Penei Sewell,2023,T,Lions,2
Chase Young,2023,DE,Commanders,2
Pete Werner,2023,LB,Saints,2
Orlando Brown,2023,T,Bengals,2
Chris Rumph II,2023,DE,Chargers,2
Pharaoh Brown,2023,TE,Patriots,2
Noah Gray,2023,TE,Chiefs,2
Christian Izien,2023,S,Buccaneers,2
Charvarius Ward,2023,CB,49ers,2
Preston Smith,2023,LB,Packers,2
Nick Westbrook-Ikhine,2023,WR,Titans,2
Charles Omenihu,2023,DE,Chiefs,2
Nick Mullens,2023,QB,Vikings,2
Chandler Jones,2023,DE,Raiders,2
Michael Pittman,2023,WR,Colts,2
Robert Hainsey,2023,C,Buccaneers,2
Britain Covey,2023,WR,Eagles,2
Damien Harris,2023,RB,Bills,2
Markquese Bell,2023,LB,Cowboys,2
Mark Glowinski,2023,G,Giants,2
Byron Young,2023,LB,Rams,2
Mario Edwards,2023,DE,Seahawks,2
Dallis Flowers,2023,CB,Colts,2
Tre Tomlinson,2023,CB,Rams,2
Budda Baker,2023,S,Cardinals,2
Dalvin Tomlinson,2023,DT,Browns,2
Damarion Williams,2023,CB,Ravens,2
Malcolm Rodriguez,2023,LB,Lions,2
Michael Gallup,2023,WR,Cowboys,2
Malcolm Roach,2023,DT,Saints,2
Sam Williams,2023,DE,Cowboys,2
Luke Tenuta,2023,T,Packers,2
Dan Feeney,2023,C,Bears,2
Luke Masterson,2023,LB,Raiders,2
Luke Goedeke,2023,T,Buccaneers,2
Dan Moore Jr.,2023,T,Steelers,2
Sauce Gardner,2023,CB,Jets,2
Sean Harlow,2023,C,Giants,2
C.J. Gardner-Johnson,2023,S,Lions,2
Marlon Tuipulotu,2023,DT,Eagles,2
DJ Turner II,2023,CB,Bengals,2
DJ Turner,2023,WR,Raiders,2
Curtis Hodges,2023,TE,Commanders,2
Michael Davis,2023,CB,Chargers,2
Cam Smith,2023,CB,Dolphins,2
Micah Parsons,2023,LB,Cowboys,2
Micah McFadden,2023,LB,Giants,2
D'Ernest Johnson,2023,RB,Jaguars,2
Rodney Thomas,2023,S,Colts,2
Calvin Throckmorton,2023,G,Panthers,2
Max Mitchell,2023,T,Jets,2
Maurice Hurst,2023,DT,Browns,2
Matthew Stafford,2023,QB,Rams,2
D.J. Humphries,2023,T,Cardinals,2
Matthew Judon,2023,LB,Patriots,2
D.J. Reed,2023,CB,Jets,2
Calvin Anderson,2023,T,Patriots,2
Roy Robertson-Harris,2023,DT,Jaguars,2
Caleb Farley,2023,CB,Titans,2
Russ Yeast,2023,S,Rams,2
Marshon Lattimore,2023,CB,Saints,2
Tre Herndon,2023,CB,Jaguars,2
Kenneth Gainwell,2023,RB,Eagles,2
Derrek Pitts,2023,CB,Buccaneers,2
Jermaine Johnson II,2023,LB,Jets,2
Joe Bachie,2023,LB,Bengals,2
Tyrod Taylor,2023,QB,Giants,2
Derrick Barnes,2023,LB,Lions,2
Andrei Iosivas,2023,WR,Bengals,2
Andre Dillard,2023,T,Titans,2
Andre Chachere,2023,S,Cardinals,2
Jesper Horsted,2023,TE,Raiders,2
Uchenna Nwosu,2023,LB,Seahawks,2
Jerrick Reed II,2023,S,Seahawks,2
Jermaine Eluemunor,2023,T,Raiders,2
Wanya Morris,2023,T,Chiefs,2
Garrett Wilson,2023,WR,Jets,2
Victor Dimukeje,2023,LB,Cardinals,2
Geoff Swaim,2023,TE,Cardinals,2
Jeff Wilson,2023,RB,Dolphins,2
George Karlaftis,2023,DE,Chiefs,2
Ameer Speed,2023,CB,Colts,2
Alvin Kamara,2023,RB,Saints,2
George Odum,2023,S,49ers,2
Allen Robinson,2023,WR,Steelers,2
Joe Mixon,2023,RB,Bengals,2
Andrew Wingard,2023,S,Jaguars,2
Ezra Cleveland,2023,G,Vikings,2
Tyrann Mathieu,2023,S,Saints,2
Jordan Addison,2023,WR,Vikings,2
Tutu Atwell,2023,WR,Rams,2
Jonathon Cooper,2023,LB,Broncos,2
Antoine Winfield Jr.,2023,S,Buccaneers,2
Ty Montgomery,2023,WR,Patriots,2
Jonathan Mingo,2023,WR,Panthers,2
Ty Summers,2023,LB,Saints,2
Tycen Anderson,2023,S,Bengals,2
Tyjae Spears,2023,RB,Titans,2
Anthony Richardson,2023,QB,Colts,2
Jonah Williams,2023,T,Bengals,2
Tyler Hall,2023,CB,Raiders,2
Jon Runyan,2023,G,Packers,2
Tyler Kroft,2023,TE,Dolphins,2
Tyler Lacy,2023,DE,Jaguars,2
Johnny Hekker,2023,P,Panthers,2
John Simpson,2023,G,Ravens,2
John Ridgeway,2023,DT,Commanders,2
Anfernee Jennings,2023,LB,Patriots,2
George Pickens,2023,WR,Steelers,2
Gervarrius Owens,2023,S,Giants,2
Jordan Elliott,2023,DT,Browns,2
Adam Prentice,2023,FB,Saints,2
Ahkello Witherspoon,2023,CB,Rams,2
Jalen Hurts,2023,QB,Eagles,2
Irvin Charles,2023,WR,Jets,2
Jalen Davis,2023,CB,Bengals,2
Zach Tom,2023,T,Packers,2
Isaiah Simmons,2023,LB,Giants,2
Zack Bailey,2023,G,Chargers,2
Jake Curhan,2023,T,Seahawks,2
Ivan Pace Jr.,2023,LB,Vikings,2
Adam Butler,2023,DT,Raiders,2
Jawaan Taylor,2023,T,Chiefs,2
Jahmyr Gibbs,2023,RB,Lions,2
Jahan Dotson,2023,WR,Commanders,2
Aaron Brewer,2023,C,Titans,2
Ja'Sir Taylor,2023,CB,Chargers,2
A.J. Klein,2023,LB,Bills,2
Jackson Carman,2023,T,Bengals,2
Zeke Turner,2023,LB,Cardinals,2
Jack Jones,2023,CB,Raiders,2
Jack Anderson,2023,C,Colts,2
Irv Smith,2023,TE,Bengals,2
Ikem Ekwonu,2023,T,Panthers,2
Jalen Tolbert,2023,WR,Cowboys,2
Younghoe Koo,2023,K,Falcons,2
Alex Palczewski,2023,T,Broncos,2
Will Clapp,2023,C,Chargers,2
Alex Highsmith,2023,LB,Steelers,2
Jason Taylor II,2023,S,Rams,2
Jason Peters,2023,T,Seahawks,2
Grayland Arnold,2023,S,Texans,2
Jashaun Corbin,2023,RB,Giants,2
William Gholston,2023,DE,Buccaneers,2
Alex Anzalone,2023,LB,Lions,2
Alec Pierce,2023,WR,Colts,2
Xavier Gipson,2023,WR,Jets,2
Gunner Olszewski,2023,WR,Steelers,2
Gus Edwards,2023,RB,Ravens,2
Xavier McKinney,2023,S,Giants,2
Harrison Bryant,2023,TE,Browns,2
James Houston,2023,LB,Lions,2
James Cook,2023,RB,Bills,2
Harrison Phillips,2023,DT,Vikings,2
Yannick Ngakoue,2023,DE,Bears,2
Tua Tagovailoa,2023,QB,Dolphins,2
Chris Board,2023,LB,Patriots,2
Ed Ingram,2023,G,Vikings,2
Justin Bethel,2023,CB,Dolphins,2
Trent McDuffie,2023,CB,Chiefs,2
Joshua Williams,2023,CB,Chiefs,2
Trey Flowers,2023,DE,Patriots,2
Ed Oliver,2023,DT,Bills,2
Devin Bush,2023,LB,Seahawks,2
Trent Sherfield,2023,WR,Bills,2
Trenton Thompson,2023,S,Steelers,2
Avonte Maddox,2023,CB,Eagles,2
Josh Reynolds,2023,WR,Lions,2
E.J. Speed,2023,LB,Colts,2
Dillon Radunz,2023,T,Titans,2
Josh Sweat,2023,DE,Eagles,2
Josey Jewell,2023,LB,Broncos,2
Trey Smith,2023,G,Chiefs,2
Juanyeh Thomas,2023,S,Cowboys,2
Drew Sample,2023,TE,Bengals,2
Josh Metellus,2023,S,Vikings,2
Drake London,2023,WR,Falcons,2
Dion Dawkins,2023,T,Bills,2
Dylan Parham,2023,G,Raiders,2
Dylan Horton,2023,DE,Texans,2
Josh Downs,2023,WR,Colts,2
Efe Obada,2023,DE,Commanders,2
Donovan Peoples-Jones,2023,WR,Lions,2
Troy Andersen,2023,LB,Falcons,2
Jordan Hicks,2023,LB,Vikings,2
Troy Dye,2023,LB,Vikings,2
Anton Harrison,2023,T,Jaguars,2
Austin Faoliu,2023,DT,Seahawks,2
Tre'von Moehrig,2023,S,Raiders,2
Antonio Gibson,2023,RB,Commanders,2
Justin Hollins,2023,LB,Chargers,2
Arden Key,2023,LB,Titans,2
Doug Kramer,2023,C,Bears,2
Azeez Al-Shaair,2023,LB,Titans,2
Tommy DeVito,2023,QB,Giants,1
Rashaad Penny,2023,RB,Cardinals,1
Billy Turner,2023,T,Vikings,1
Yaya Diaby,2023,LB,Buccaneers,1
Alec Ingold,2023,RB,Dolphins,1
Yasir Abdullah,2023,LB,Jaguars,1
Alex Cook,2023,S,Panthers,1
Carter Warren,2023,T,Vikings,1
Trenton Irwin,2023,WR,Bengals,1
Robert Hunt,2023,G,Giants,1
Case Keenum,2023,QB,Texans,1
Rashaad Penny,2023,RB,Eagles,1
Randy Gregory,2023,LB,Jets,1
Cam Taylor-Britt,2023,CB,Colts,1
Terrell Edmunds,2023,S,Eagles,1
Will Mallory,2023,TE,Colts,1
Rigoberto Sanchez,2023,P,Colts,1
Austin Trammell,2023,WR,Rams,1
Carl Granderson,2023,DE,Saints,1
Tress Way,2023,P,Commanders,1
Trevon Diggs,2023,CB,Cowboys,1
Cameron McGrone,2023,LB,Colts,1
Rico Dowdle,2023,RB,Broncos,1
Austin Hooper,2023,TE,Raiders,1
Ricky Stromberg,2023,C,Commanders,1
Cameron Young,2023,DT,Seahawks,1
Richie Grant,2023,S,Falcons,1
Albert Okwuegbunam,2023,TE,Eagles,1
Carlos Watkins,2023,DE,Cardinals,1
Carter O'Donnell,2023,T,Cardinals,1
Carrington Valentine,2023,CB,49ers,1
Cameron Johnston,2023,P,Texans,1
Xavier Hutchinson,2023,WR,Texans,1
Carrington Valentine,2023,CB,Packers,1
Robbie Chosen,2023,WR,Dolphins,1
Xavier Woods,2023,S,Dolphins,1
Alex Cappa,2023,G,Bengals,1
Bernhard Raimann,2023,T,Titans,1
Terron Armstead,2023,T,Giants,1
Brandon Powell,2023,WR,Vikings,1
Tony Adams,2023,S,Vikings,1
Alaric Jackson,2023,T,Eagles,1
Aaron Jones,2023,RB,49ers,1
Tracy Walker III,2023,S,Lions,1
Charvarius Ward,2023,CB,Cowboys,1
Phidarian Mathis,2023,DT,Commanders,1
Ben Bartch,2023,G,49ers,1
Baron Browning,2023,LB,Jets,1
Zaire Barnes,2023,LB,Jets,1
Chase Claypool,2023,WR,Bears,1
Peyton Hendershot,2023,TE,Broncos,1
Chase Edmonds,2023,RB,Buccaneers,1
Peter Skoronski,2023,T,Lions,1
Travis Vokolek,2023,TE,Cardinals,1
Zach Allen,2023,DE,Broncos,1
Aaron Brewer,2023,DE,Titans,1
Azeez Ojulari,2023,DE,Falcons,1
A.J. Terrell,2023,CB,Falcons,1
Chidobe Awuzie,2023,CB,Colts,1
Zayne Anderson,2023,S,49ers,1
Bam Knight,2023,RB,Lions,1
BJ Thompson,2023,DE,Chiefs,1
Tre'Quan Smith,2023,WR,Saints,1
Tre Tucker,2023,WR,Raiders,1
Patrick Queen,2023,LB,Ravens,1
Charlie Kolar,2023,TE,Ravens,1
Zack Martin,2023,G,Broncos,1
Ben Cleveland,2023,G,Ravens,1
Adrian Amos,2023,S,Jets,1
Raheem Mostert,2023,RB,Giants,1
CeeDee Lamb,2023,WR,Broncos,1
Raheem Layne,2023,S,Chargers,1
Akeem Davis-Gaither,2023,LB,Colts,1
Ben Skowronek,2023,WR,Eagles,1
Rachaad White,2023,RB,Buccaneers,1
Quinton Bohanna,2023,DT,Titans,1
Trent Williams,2023,T,Cowboys,1
Zach Ertz,2023,TE,Cardinals,1
Quinn Meinerz,2023,G,Broncos,1
Cesar Ruiz,2023,G,Saints,1
Chamarri Conner,2023,CB,Chiefs,1
Quez Watkins,2023,WR,Cardinals,1
Quenton Nelson,2023,G,Titans,1
Chance Campbell,2023,LB,Titans,1
Quentin Johnston,2023,WR,Chargers,1
Adrian Amos,2023,S,Texans,1
Zach Tom,2023,T,49ers,1
Quay Walker,2023,DT,Packers,1
Quan Martin,2023,S,Commanders,1
Zach Triner,2023,LS,Buccaneers,1
Will Hernandez,2023,G,Cardinals,1
Patrick Mekari,2023,T,Ravens,1
Will Hernandez,2023,G,Bengals,1
Tyquan Lewis,2023,DE,Colts,1
Anthony Johnson Jr.,2023,S,Packers,1
Shane Lemieux,2023,G,Falcons,1
Britain Covey,2023,WR,Cardinals,1
Sean Rhyan,2023,G,Packers,1
Bradley Chubb,2023,LB,Dolphins,1
Anthony Johnson Jr.,2023,CB,Packers,1
Tanner Hudson,2023,TE,Bengals,1
Tyler Scott,2023,WR,Bears,1
Tyler Smith,2023,G,Cowboys,1
Saquon Barkley,2023,RB,Falcons,1
Andy Dalton,2023,QB,Panthers,1
Tyquan Lewis,2023,DE,Titans,1
Blaine Gabbert,2023,QB,Chiefs,1
Andrew Wylie,2023,T,Commanders,1
Broderick Jones,2023,T,Steelers,1
Tyre Phillips,2023,T,Giants,1
Tyree Wilson,2023,DE,Raiders,1
Sam Martin,2023,P,Bills,1
Broderick Washington,2023,DE,Ravens,1
Ashtyn Davis,2023,S,Jets,1
Bryan Anger,2023,P,Cowboys,1
Bryan Bresee,2023,DT,Saints,1
Tyreke Smith,2023,LB,Cardinals,1
Tyrel Dodson,2023,LB,Bills,1
Treylon Burks,2023,WR,Lions,1
Brian O'Neill,2023,T,Chiefs,1
Brady Russell,2023,TE,Seahawks,1
Brian Hoyer,2023,QB,Raiders,1
Brandon Stephens,2023,CB,Ravens,1
Troy Reeder,2023,LB,Rams,1
Stephen Sullivan,2023,TE,Dolphins,1
Braxton Berrios,2023,WR,Giants,1
Stephon Gilmore,2023,CB,Broncos,1
Ty Montgomery,2023,RB,Patriots,1
Siran Neal,2023,CB,Bills,1
Brandon Bolden,2023,RB,Raiders,1
Brenden Schooler,2023,S,Patriots,1
Brent Urban,2023,DE,Ravens,1
Stetson Bennett,2023,QB,Rams,1
Shemar Jean-Charles,2023,CB,49ers,1
Brian Allen,2023,C,Eagles,1
Brian Asamoah,2023,LB,Chiefs,1
Tylan Wallace,2023,WR,Ravens,1
Brian Branch,2023,CB,Panthers,1
Antoine Green,2023,WR,Lions,1
Shaquille Leonard,2023,LB,Titans,1
Sua Opeta,2023,G,Eagles,1
Sydney Brown,2023,S,Cardinals,1
Tyler Conklin,2023,TE,Jets,1
Brandin Echols,2023,CB,Vikings,1
Tyler Huntley,2023,QB,Ravens,1
Sam Ehlinger,2023,QB,Colts,1
Sam Eguavoen,2023,LB,Vikings,1
Tashaun Gipson,2023,S,49ers,1
Caleb Murphy,2023,LB,Titans,1
Blake Freeland,2023,T,Colts,1
Ronnie Rivers,2023,RB,Rams,1
Tee Higgins,2023,WR,Colts,1
Alontae Taylor,2023,CB,Saints,1
Ronnie Perkins,2023,DE,Broncos,1
Wan'Dale Robinson,2023,WR,Falcons,1
Ronald Darby,2023,CB,Ravens,1
Trevor Siemian,2023,QB,Jets,1
Calvin Austin III,2023,WR,Steelers,1
Blake Ferguson,2023,LS,Dolphins,1
Terence Steele,2023,T,Cowboys,1
Wanya Morris,2023,T,Rams,1
Rodney McLeod Jr.,2023,S,Browns,1
Cam Gill,2023,LB,Buccaneers,1
Wes Schweitzer,2023,C,Vikings,1
Rock Ya-Sin,2023,CB,Ravens,1
Cam Jones,2023,LB,Chiefs,1
Robert Tonyan,2023,TE,Bears,1
Cam Jurgens,2023,G,Cardinals,1
Wil Lutz,2023,K,Broncos,1
Trevor Nowaske,2023,LB,Cardinals,1
Terrace Marshall Jr.,2023,WR,Panthers,1
Robert Jones,2023,G,Giants,1
Calijah Kancey,2023,DE,Buccaneers,1
Caleb Jones,2023,T,Packers,1
Andrew Thomas,2023,T,Falcons,1
Ross Matiscik,2023,LS,Jaguars,1
Salvon Ahmed,2023,RB,Giants,1
Byron Young,2023,DT,Raiders,1
Ryan Wright,2023,P,Vikings,1
Taylor Decker,2023,T,Panthers,1
Tyrus Wheat,2023,LB,Cowboys,1
Trey Palmer,2023,WR,Buccaneers,1
Trey McBride,2023,TE,Cardinals,1
Amon-Ra St. Brown,2023,WR,Panthers,1
Trey Hendrickson,2023,DE,Colts,1
Ryan Stonehouse,2023,P,Titans,1
Austin Corbett,2023,G,Dolphins,1
Ryan Neuzil,2023,C,Falcons,1
Ugo Amadi,2023,S,Saints,1
C.J. Goodwin,2023,CB,Cowboys,1
Van Jefferson,2023,WR,Rams,1
Ryan Kelly,2023,C,Titans,1
Teair Tart,2023,DT,Lions,1
Velus Jones Jr.,2023,WR,Bears,1
Ryan Bates,2023,C,Bills,1
Blake Lynch,2023,LB,Chargers,1
Trey Flowers,2023,LB,Patriots,1
Rudy Ford,2023,S,49ers,1
Blake Gillikin,2023,P,Cardinals,1
Tyron Smith,2023,T,Broncos,1
Jack Conklin,2023,T,Browns,1
Patrick Mekari,2023,G,Ravens,1
Kevin Rader,2023,TE,Titans,1
Jordan Whitehead,2023,S,Jets,1
Josey Jewell,2023,LB,Jets,1
Josh Ali,2023,WR,Falcons,1
Duron Harmon,2023,S,Browns,1
Josh Jobe,2023,CB,Eagles,1
Drue Tranquill,2023,LB,Rams,1
Josh Metellus,2023,S,Chiefs,1
Drew Lock,2023,QB,Seahawks,1
Josh Reynolds,2023,WR,Panthers,1
Dre Greenlaw,2023,LB,Cowboys,1
Josh Whyle,2023,TE,Lions,1
Josh Woods,2023,LB,Bengals,1
Drake Jackson,2023,DE,49ers,1
Joshua Dobbs,2023,QB,Vikings,1
Joshua Pryor,2023,DE,Commanders,1
Dorance Armstrong,2023,DE,Cowboys,1
Donte Jackson,2023,CB,Dolphins,1
Juice Scruggs,2023,C,Texans,1
Julian Okwara,2023,LB,Panthers,1
Jordan Stout,2023,P,Ravens,1
Jordan Meredith,2023,G,Raiders,1
Elgton Jenkins,2023,G,49ers,1
Jonathan Ledbetter,2023,DE,Bengals,1
Jon Feliciano,2023,C,Cowboys,1
Jon Runyan,2023,G,49ers,1
Eric Gray,2023,RB,Giants,1
Jonah Williams,2023,DE,Rams,1
Eric Garror,2023,CB,Titans,1
Jonathan Bullard,2023,DT,Vikings,1
Emmanuel Ogbah,2023,DE,Dolphins,1
Emmanuel Moseley,2023,CB,Panthers,1
Elijah Riley,2023,S,Steelers,1
Eli Apple,2023,CB,Dolphins,1
Elijah Molden,2023,CB,Lions,1
Jonathan Taylor,2023,RB,Titans,1
Jonathan Williams,2023,RB,Commanders,1
Elijah Mitchell,2023,RB,Cowboys,1
Elijah Higgins,2023,TE,Cardinals,1
Jordan Fuller,2023,S,Rams,1
Jordan Hicks,2023,LB,Chiefs,1
Eli Ricks,2023,CB,Eagles,1
Justin Bethel,2023,CB,Giants,1
Justin Evans,2023,S,Cardinals,1
Deven Thompkins,2023,WR,Buccaneers,1
Kelvin Beachum,2023,T,Bengals,1
Ke'Shawn Vaughn,2023,RB,Buccaneers,1
Keanu Neal,2023,S,Steelers,1
Keaontay Ingram,2023,RB,Bengals,1
Kearis Jackson,2023,WR,Titans,1
Del'Shawn Phillips,2023,LB,Ravens,1
Deebo Samuel Sr.,2023,WR,Cowboys,1
Kei'Trel Clark,2023,CB,Cardinals,1
Dee Delaney,2023,CB,Buccaneers,1
Kelvin Joseph,2023,CB,Dolphins,1
Demarcus Lawrence,2023,DE,Broncos,1
DeShon Elliott,2023,S,Giants,1
DeShawn Williams,2023,DT,Panthers,1
DeShawn Williams,2023,DE,Dolphins,1
DeMarvin Leal,2023,DE,Steelers,1
DeForest Buckner,2023,DT,Titans,1
DeAndre Houston-Carson,2023,S,Texans,1
Kentavius Street,2023,DT,Falcons,1
Kerby Joseph,2023,S,Panthers,1
Delarrin Turner-Yell,2023,S,Broncos,1
Kareem Jackson,2023,S,Broncos,1
Desmond Ridder,2023,QB,Falcons,1
Derek Barnett,2023,DE,Eagles,1
Desjuan Johnson,2023,DT,Eagles,1
Justin Houston,2023,LB,Dolphins,1
Derrick Henry,2023,RB,Lions,1
Justin McCray,2023,C,Panthers,1
Derrick Brown,2023,DE,Panthers,1
Derion Kendrick,2023,CB,Rams,1
Justin Simmons,2023,S,Jets,1
Justin Strnad,2023,LB,Broncos,1
Deonte Harty,2023,WR,Bills,1
Denico Autry,2023,DE,Lions,1
Ka'dar Hollman,2023,CB,Texans,1
Deon Bush,2023,S,Chiefs,1
Deommodore Lenoir,2023,CB,49ers,1
Kadarius Toney,2023,WR,Rams,1
Denzel Perryman,2023,DT,Texans,1
Dennis Gardeck,2023,LB,Cardinals,1
Dennis Daley,2023,T,Cardinals,1
Dennis Daley,2023,T,Bengals,1
Jon Feliciano,2023,C,49ers,1
Johnny Mundt,2023,TE,Vikings,1
Johnathan Hankins,2023,DT,Broncos,1
Halapoulivaati Vaitai,2023,G,Panthers,1
Jalyn Holmes,2023,DE,Jets,1
Hjalte Froholdt,2023,C,Bengals,1
Jamal Adams,2023,WR,Seahawks,1
Hassan Ridgeway,2023,DT,Texans,1
Harrison Smith,2023,S,Vikings,1
Harrison Smith,2023,S,Chiefs,1
Harrison Butker,2023,K,Chiefs,1
James Hurst,2023,G,Saints,1
James Mitchell,2023,TE,Panthers,1
Jalin Hyatt,2023,WR,Giants,1
Jameson Williams,2023,WR,Lions,1
Jameson Williams,2023,WR,Panthers,1
Jamin Davis,2023,LB,Commanders,1
Jammie Robinson,2023,S,Panthers,1
Jaquelin Roy,2023,DT,Vikings,1
Greg Joseph,2023,K,Vikings,1
Jarrick Bernard-Converse,2023,S,Vikings,1
Jason Cabinda,2023,FB,Panthers,1
Hunter Luepke,2023,RB,Cowboys,1
Ihmir Smith-Marsette,2023,WR,Panthers,1
Grant Stuard,2023,LB,Colts,1
Jaire Alexander,2023,CB,49ers,1
Jack Sanborn,2023,LB,Bears,1
Jacob Bobenmoyer,2023,LS,Raiders,1
Jacoby Brissett,2023,QB,Commanders,1
J.J. Russell,2023,LB,Buccaneers,1
Jaelan Phillips,2023,LB,Giants,1
Jaelyn Duncan,2023,T,Titans,1
Jahlani Tavai,2023,LB,Patriots,1
Jahmyr Gibbs,2023,RB,Panthers,1
J.C. Jackson,2023,CB,Patriots,1
Irv Smith,2023,TE,Colts,1
Jake Haener,2023,QB,Saints,1
Isaiah Spiller,2023,RB,Chargers,1
Jake Moody,2023,K,49ers,1
Isaiah Oliver,2023,CB,49ers,1
Isaiah McKenzie,2023,WR,Colts,1
Jakorian Bennett,2023,CB,Packers,1
Isaiah McDuffie,2023,LB,Packers,1
Jalen Mills,2023,CB,Patriots,1
Jason Pinnock,2023,S,Giants,1
Jauan Jennings,2023,WR,Cowboys,1
Eric Murray,2023,S,Texans,1
Evan Neal,2023,T,Falcons,1
Ji'Ayir Brown,2023,S,49ers,1
Frank Ragnow,2023,C,Panthers,1
Jimmy Garoppolo,2023,QB,Packers,1
Frank Clark,2023,LB,Jets,1
JoJo Domann,2023,LB,Titans,1
Fletcher Cox,2023,DT,Cardinals,1
Joe Jones,2023,LB,Titans,1
Joe Noteboom,2023,T,Eagles,1
Ethan Evans,2023,P,Rams,1
Gabe Davis,2023,WR,Bills,1
Essang Bassey,2023,CB,Chargers,1
Joey Porter Jr.,2023,CB,Steelers,1
John Cominsky,2023,DE,Lions,1
Erik Ezukanma,2023,WR,Dolphins,1
John Jenkins,2023,DT,Raiders,1
John Johnson,2023,S,Rams,1
Eric Stokes,2023,CB,49ers,1
John Michael Schmitz,2023,C,Falcons,1
Frankie Luvu,2023,LB,Dolphins,1
Jerry Jeudy,2023,WR,Jets,1
Graham Glasgow,2023,G,Lions,1
Jaylon Jones,2023,CB,Bears,1
Javonte Williams,2023,RB,Broncos,1
Javonte Williams,2023,RB,Jets,1
Giovanni Ricci,2023,TE,Panthers,1
Jay Tufele,2023,DT,Bengals,1
Giovanni Ricci,2023,TE,Dolphins,1
Germaine Pratt,2023,LB,Bengals,1
Jaylen Watson,2023,CB,Rams,1
Jaylinn Hawkins,2023,S,Chargers,1
Jaylon Jones,2023,CB,Colts,1
Garrett Bradbury,2023,C,Chiefs,1
Jaylon Moore,2023,T,49ers,1
George Karlaftis,2023,DE,Rams,1
Jeffery Simmons,2023,DT,Lions,1
Jeremiah Ledbetter,2023,DE,Jaguars,1
Geno Stone,2023,S,Ravens,1
Gary Brightwell,2023,RB,Falcons,1
Jerome Baker,2023,LB,Dolphins,1
Garrett Williams,2023,CB,Bengals,1
DeAndre Hopkins,2023,WR,Lions,1
Kevin Zeitler,2023,G,Ravens,1
Chris Evans,2023,RB,Bengals,1
KhaDarel Hodge,2023,WR,Falcons,1
Corey Ballentine,2023,CB,Packers,1
Cooper Rush,2023,QB,Cowboys,1
Cooper Kupp,2023,WR,Eagles,1
Conor McDermott,2023,T,Patriots,1
Connor Williams,2023,C,Giants,1
Mike McGlinchey,2023,T,Broncos,1
Connor Heyward,2023,TE,Steelers,1
Colton McKivitz,2023,T,49ers,1
Mike Purcell,2023,DT,Jets,1
Mike Williams,2023,WR,Chargers,1
Miles Killebrew,2023,S,Steelers,1
Miles Sanders,2023,RB,Dolphins,1
Colton Dowell,2023,WR,Titans,1
Cole Turner,2023,TE,Commanders,1
Mitch Morse,2023,C,Bills,1
Mitchell Fraboni,2023,LS,Broncos,1
Mo Alie-Cox,2023,TE,Colts,1
Mo Alie-Cox,2023,TE,Titans,1
Morgan Fox,2023,DT,Chargers,1
Corey Linsley,2023,C,Chargers,1
Courtland Sutton,2023,WR,Broncos,1
Michael Pierce,2023,DT,Ravens,1
Mazi Smith,2023,DT,Cowboys,1
Matt Milano,2023,LB,Bills,1
Matt Nelson,2023,T,Lions,1
D.J. Montgomery,2023,WR,Colts,1
Matthew Stafford,2023,QB,Eagles,1
Max Garcia,2023,G,Saints,1
Max Scharping,2023,G,Bengals,1
Maxx Crosby,2023,DE,Packers,1
D'Shawn Jamison,2023,CB,Panthers,1
Mekhi Becton,2023,T,Vikings,1
Craig Reynolds,2023,RB,Lions,1
Mekhi Blackmon,2023,CB,Vikings,1
D'Ante Smith,2023,G,Bengals,1
Micah McFadden,2023,LB,Falcons,1
Micah Parsons,2023,LB,Broncos,1
Michael Carter,2023,RB,Cardinals,1
Jack Cochrane,2023,LB,Rams,1
Michael Dickson,2023,P,Seahawks,1
Michael Dunn,2023,G,Browns,1
Myjai Sanders,2023,LB,Cardinals,1
Myjai Sanders,2023,LB,Texans,1
Cody Thompson,2023,WR,Seahawks,1
Christian Gonzalez,2023,CB,Patriots,1
Christian Rozeboom,2023,LB,Rams,1
Christian Rozeboom,2023,LB,Eagles,1
Nick Zakelj,2023,G,49ers,1
Christian McCaffrey,2023,RB,Cowboys,1
Christian Kirk,2023,WR,Jaguars,1
Nik Needham,2023,CB,Giants,1
Nikko Remigio,2023,WR,Chiefs,1
Nnamdi Madubuike,2023,DT,Ravens,1
Ochaun Mathis,2023,LB,Eagles,1
Nick Saldiveri,2023,G,Saints,1
Chris Smith II,2023,S,Raiders,1
Chris Rumph II,2023,LB,Chargers,1
Chris Paul,2023,G,Commanders,1
Orlando Brown,2023,T,Colts,1
Owen Pappoe,2023,LB,Cardinals,1
Chris Jones,2023,DT,Rams,1
P.J. Locke,2023,S,Jets,1
Paris Johnson Jr.,2023,T,Cardinals,1
Nick Scott,2023,S,Bengals,1
Nick Mullens,2023,QB,Chiefs,1
Myles Murphy,2023,DE,Bengals,1
Chuma Edoga,2023,T,Broncos,1
NaJee Thompson,2023,CB,Vikings,1
Nahshon Wright,2023,CB,Cowboys,1
Naquan Jones,2023,DT,Titans,1
Clelin Ferrell,2023,DE,49ers,1
Nate Herbig,2023,G,Steelers,1
Nate Hobbs,2023,CB,Packers,1
Claudin Cherelus,2023,LB,Dolphins,1
Neville Gallimore,2023,DT,Cowboys,1
Nicholas Morrow,2023,LB,Cardinals,1
Christian Watson,2023,WR,49ers,1
Nicholas Petit-Frere,2023,T,Lions,1
Nicholas Petit-Frere,2023,T,Titans,1
Nick Allegretti,2023,G,Chiefs,1
Chuba Hubbard,2023,RB,Panthers,1
Nick Bolton,2023,LB,Rams,1
Christopher Hinton,2023,DT,Chargers,1
Nick Gates,2023,C,Commanders,1
Christian Wilkins,2023,DE,Dolphins,1
Matt Gay,2023,K,Colts,1
D.J. Reed,2023,CB,Vikings,1
Matt Dickerson,2023,DT,Rams,1
Daron Payne,2023,DT,Commanders,1
David Long,2023,CB,Packers,1
Kyren Williams,2023,RB,Eagles,1
Davante Adams,2023,WR,Packers,1
L'Jarius Sneed,2023,CB,Rams,1
L.J. Collier,2023,DE,Cardinals,1
LaBryan Ray,2023,DE,Panthers,1
Laken Tomlinson,2023,G,Jets,1
Lamar Jackson,2023,QB,Ravens,1
Darius Slayton,2023,WR,Giants,1
Kyle Van Noy,2023,LB,Ravens,1
Lavonte David,2023,DT,Buccaneers,1
Darius Harris,2023,LB,Chiefs,1
Leighton Vander Esch,2023,LB,Cowboys,1
Dante Fowler Jr.,2023,DE,Cowboys,1
Leo Chenal,2023,LB,Chiefs,1
Danny Gray,2023,WR,49ers,1
Leonard Williams,2023,DT,Giants,1
Danielle Hunter,2023,DE,Vikings,1
David Long,2023,CB,Raiders,1
Kyle Pitts,2023,TE,Falcons,1
Levi Onwuzurike,2023,DT,Lions,1
Dawuane Smoot,2023,LB,Jaguars,1
Khaleke Hudson,2023,LB,Commanders,1
Khalid Kareem,2023,DE,Bears,1
Khalid Kareem,2023,LB,Bears,1
De'Vondre Campbell,2023,LB,49ers,1
Dayo Odeyingbo,2023,DE,Colts,1
Daxton Hill,2023,S,Bengals,1
Dax Milne,2023,WR,Commanders,1
Kobie Turner,2023,DT,Rams,1
Dawuane Smoot,2023,DE,Jaguars,1
David Long,2023,LB,Dolphins,1
Krys Barnes,2023,LB,Bengals,1
David Sharpe,2023,T,Panthers,1
Kurt Hinish,2023,DT,Texans,1
Kwity Paye,2023,DE,Colts,1
Kwity Paye,2023,DE,Titans,1
David Ojabo,2023,LB,Ravens,1
David Mayo,2023,LB,Commanders,1
Kyle Philips,2023,WR,Lions,1
Lester Cotton,2023,G,Giants,1
Daniel Thomas,2023,S,Jaguars,1
Matt Dickerson,2023,DT,Chiefs,1
Markus Golden,2023,LB,Steelers,1
Marcus Epps,2023,S,Packers,1
Dalvin Cook,2023,RB,Jets,1
Marcus Jones,2023,CB,Patriots,1
Dalton Risner,2023,G,Vikings,1
Marcus McKethan,2023,T,Falcons,1
Marcus McKethan,2023,T,Giants,1
Mario Goodrich,2023,CB,Eagles,1
Markus Bailey,2023,LB,Bengals,1
Marlon Davidson,2023,DT,Titans,1
Marco Wilson,2023,CB,Cardinals,1
Marlon Tuipulotu,2023,DT,Cardinals,1
Marquez Valdes-Scantling,2023,WR,Chiefs,1
DJ Moore,2023,WR,Bears,1
Martin Emerson,2023,CB,Browns,1
Marvin Jones,2023,WR,Lions,1
Mason Cole,2023,C,Steelers,1
Matt Breida,2023,RB,Giants,1
Matt Corral,2023,QB,Patriots,1
Marcus Davenport,2023,DE,Chiefs,1
Malik Hooker,2023,S,Broncos,1
Lewis Cine,2023,S,Chiefs,1
Lukas Van Ness,2023,LB,Packers,1
Liam Eichenberg,2023,T,Dolphins,1
Lloyd Cushenberry III,2023,C,Jets,1
Daniel Bellinger,2023,TE,Falcons,1
Dane Belton,2023,S,Giants,1
Lorenzo Carter,2023,LB,Falcons,1
Lou Hedley,2023,P,Saints,1
Dan Skipper,2023,T,Lions,1
Luiji Vilain,2023,LB,Panthers,1
Luke Farrell,2023,TE,Jaguars,1
Damarri Mathis,2023,CB,Broncos,1
Luke Fortner,2023,C,Jaguars,1
Luke Gifford,2023,LB,Lions,1
Luke Goedeke,2023,G,Buccaneers,1
Luke Musgrave,2023,TE,49ers,1
Lynn Bowden,2023,WR,Saints,1
Malcolm Koonce,2023,DE,Packers,1
Damone Clark,2023,LB,Cowboys,1
Damone Clark,2023,LB,Broncos,1
Michael Danna,2023,DE,Chiefs,1
