Player,Season,Position,Team,TotalInjuryCount,ConcussionTotal
Hayden Hurst,2023,TE,Panthers,6,5
Marquise Goodwin,2023,WR,Browns,10,4
Demario Douglas,2023,WR,Patriots,6,4
Treylon Burks,2023,WR,Titans,10,4
Ryan Kelly,2023,C,Colts,7,3
DeVante Parker,2023,WR,Patriots,8,3
Jalen Nailor,2023,WR,Vikings,7,3
C.J. Henderson,2023,CB,Panthers,5,3
Kylen Granson,2023,TE,Colts,4,2
Jaren Hall,2023,QB,Vikings,4,2
Josh Hayes,2023,CB,Buccaneers,5,2
Andrus Peat,2023,G,Saints,8,2
C.J. Stroud,2023,QB,Texans,6,2
Nick Vannett,2023,TE,Chargers,5,2
JuJu Smith-Schuster,2023,WR,Patriots,6,2
Roschon Johnson,2023,RB,Bears,3,2
Trenton Simpson,2023,LB,Ravens,3,2
Keion White,2023,DE,Patriots,2,2
Tre Herndon,2023,CB,Jaguars,2,2
Wes Schweitzer,2023,G,Jets,4,2
Jakob Johnson,2023,FB,Raiders,3,2
Jalyn Armour-Davis,2023,CB,Ravens,4,2
Henry To'oTo'o,2023,LB,Texans,4,2
Adoree' Jackson,2023,CB,Giants,7,2
Sidy Sow,2023,T,Patriots,5,2
Zach Wilson,2023,QB,Jets,3,2
Jauan Jennings,2023,WR,49ers,3,2
Anthony Nelson,2023,LB,Buccaneers,3,2
Christian Harris,2023,LB,Texans,4,2
Keith Smith,2023,FB,Falcons,3,1
Quan Martin,2023,CB,Commanders,3,1
Baron Browning,2023,LB,Broncos,9,1
Trevor Lawrence,2023,QB,Jaguars,7,1
Jamel Dean,2023,CB,Buccaneers,7,1
K.J. Osborn,2023,WR,Vikings,3,1
Brandon Jones,2023,S,Dolphins,3,1
Drue Tranquill,2023,LB,Chiefs,4,1
Dane Jackson,2023,CB,Bills,4,1
James Bradberry,2023,CB,Eagles,4,1
Bernhard Raimann,2023,T,Colts,3,1
Dalton Kincaid,2023,TE,Bills,5,1
Bernhard Raimann,2023,T,Titans,1,1
Ben Bredeson,2023,G,Giants,3,1
Troy Andersen,2023,LB,Falcons,2,1
Quay Walker,2023,LB,Packers,9,1
Troy Hill,2023,CB,Panthers,6,1
Jaquan Brisker,2023,S,Bears,7,1
Ty Summers,2023,LB,Saints,2,1
Tutu Atwell,2023,WR,Rams,2,1
Trent Brown,2023,T,Patriots,15,1
Benjamin St-Juste,2023,CB,Commanders,7,1
Boston Scott,2023,RB,Eagles,3,1
Brock Purdy,2023,QB,49ers,3,1
D.J. Reed,2023,CB,Vikings,1,1
Tae Davis,2023,LB,Falcons,2,1
Chris Hubbard,2023,T,Titans,3,1
Gunner Olszewski,2023,WR,Steelers,2,1
Logan Thomas,2023,TE,Commanders,3,1
Grant Calcaterra,2023,TE,Eagles,5,1
Lucas Patrick,2023,C,Bears,5,1
Leighton Vander Esch,2023,LB,Cowboys,1,1
Christian Izien,2023,S,Buccaneers,2,1
Ryan Ramczyk,2023,T,Saints,14,1
Luke Masterson,2023,LB,Raiders,2,1
Cesar Ruiz,2023,G,Saints,1,1
Cedric Tillman,2023,WR,Browns,5,1
Isiah Pacheco,2023,RB,Chiefs,7,1
Carlton Davis,2023,CB,Buccaneers,10,1
Tank Dell,2023,WR,Texans,5,1
D.J. Reed,2023,CB,Jets,2,1
Kwity Paye,2023,DE,Titans,1,1
Cam Taylor-Britt,2023,CB,Colts,1,1
Conor McDermott,2023,T,Patriots,1,1
Khari Blasingame,2023,FB,Bears,3,1
Terrel Bernard,2023,LB,Bills,4,1
Courtland Sutton,2023,WR,Broncos,1,1
Teven Jenkins,2023,T,Bears,3,1
Essang Bassey,2023,CB,Chargers,1,1
Jakobi Meyers,2023,WR,Raiders,3,1
Jaylon Moore,2023,T,49ers,1,1
Britain Covey,2023,WR,Cardinals,1,1
Brian Burns,2023,LB,Panthers,8,1
Tre Brown,2023,CB,Seahawks,10,1
Jaylen Waddle,2023,WR,Dolphins,8,1
Chris Olave,2023,WR,Saints,7,1
Mo Alie-Cox,2023,TE,Colts,1,1
Dontayvion Wicks,2023,WR,Packers,6,1
Anthony Richardson,2023,QB,Colts,2,1
DeShon Elliott,2023,S,Dolphins,4,1
Jon Feliciano,2023,C,Cowboys,1,1
Deon Jackson,2023,RB,Giants,2,1
Jevon Holland,2023,S,Dolphins,8,1
Andrew Ogletree,2023,TE,Colts,4,1
Wanya Morris,2023,T,Chiefs,2,1
Andre Dillard,2023,T,Titans,2,1
Jimmy Garoppolo,2023,QB,Raiders,4,1
Derek Carr,2023,QB,Saints,6,1
Milton Williams,2023,DT,Eagles,5,1
Amari Cooper,2023,WR,Browns,17,1
Josh Whyle,2023,TE,Titans,7,1
Amani Hooker,2023,S,Titans,4,1
Josh Palmer,2023,WR,Chargers,5,1
Jeremy Ruckert,2023,TE,Jets,3,1
DeMarvin Leal,2023,DE,Steelers,1,1
Alexander Mattison,2023,RB,Vikings,4,1
Jordan Elliott,2023,DT,Browns,2,1
Dorian Thompson-Robinson,2023,QB,Browns,3,1
Justin Herron,2023,T,Raiders,3,1
A.J. Terrell,2023,CB,Falcons,1,1
Michael Pittman,2023,WR,Colts,2,1
Darnell Mooney,2023,WR,Bears,3,1
Jonathan Mingo,2023,WR,Panthers,2,1
Malik Hooker,2023,S,Broncos,1,0
Logan Wilson,2023,LB,Bengals,2,0
Malik Hooker,2023,S,Cowboys,6,0
Myjai Sanders,2023,LB,Texans,1,0
Nate Landman,2023,LB,Falcons,3,0
Marcedes Lewis,2023,TE,Bears,14,0
Marco Wilson,2023,CB,Cardinals,1,0
Marcus Davenport,2023,DE,Chiefs,1,0
Marcus Davenport,2023,DE,Vikings,5,0
Marcus Epps,2023,S,Packers,1,0
Marcus Epps,2023,S,Raiders,3,0
Logan Hall,2023,DE,Buccaneers,3,0
Marcus Jones,2023,CB,Patriots,1,0
Neville Gallimore,2023,DT,Cowboys,1,0
Marcus Maye,2023,S,Saints,5,0
Mario Goodrich,2023,CB,Eagles,1,0
Lloyd Cushenberry III,2023,C,Broncos,3,0
Markquese Bell,2023,LB,Cowboys,2,0
Mark Glowinski,2023,G,Giants,2,0
Montez Sweat,2023,DE,Commanders,2,0
Montravius Adams,2023,DT,Steelers,5,0
Mark Andrews,2023,TE,Ravens,3,0
Morgan Fox,2023,DT,Chargers,1,0
Mario Edwards,2023,DE,Seahawks,2,0
Lonnie Johnson,2023,CB,Saints,3,0
Marcus Williams,2023,S,Ravens,9,0
Marcus Peters,2023,CB,Raiders,3,0
Marcus McKethan,2023,T,Giants,1,0
Lloyd Cushenberry III,2023,C,Jets,1,0
Morgan Moses,2023,T,Ravens,5,0
Myjai Sanders,2023,LB,Cardinals,1,0
Marcus McKethan,2023,T,Falcons,1,0
Malik Harrison,2023,LB,Ravens,4,0
Nate Hobbs,2023,CB,Raiders,7,0
Myles Bryant,2023,CB,Patriots,4,0
Naquan Jones,2023,DT,Titans,1,0
Luke Goedeke,2023,T,Buccaneers,2,0
Luke Goedeke,2023,G,Buccaneers,1,0
Luke Gifford,2023,LB,Titans,10,0
Luke Gifford,2023,LB,Lions,1,0
Luke Fortner,2023,C,Jaguars,1,0
Luke Farrell,2023,TE,Jaguars,1,0
Lukas Van Ness,2023,LB,Packers,1,0
Najee Harris,2023,RB,Steelers,6,0
Nash Jensen,2023,G,Panthers,2,0
Lou Hedley,2023,P,Saints,1,0
Luiji Vilain,2023,LB,Panthers,1,0
Nate Davis,2023,G,Bears,8,0
Nate Herbig,2023,G,Steelers,1,0
Nate Hobbs,2023,CB,Packers,1,0
Nakobe Dean,2023,LB,Eagles,2,0
Lorenzo Carter,2023,LB,Falcons,1,0
Myles Garrett,2023,DE,Browns,14,0
Markus Bailey,2023,LB,Bengals,1,0
Maliek Collins,2023,DT,Texans,7,0
Lonnie Johnson,2023,S,Saints,2,0
Malcolm Rodriguez,2023,LB,Lions,2,0
Malcolm Roach,2023,DT,Saints,2,0
Myles Murphy,2023,DE,Bengals,1,0
NaJee Thompson,2023,CB,Vikings,1,0
Malcolm Koonce,2023,DE,Raiders,4,0
Luke Musgrave,2023,TE,49ers,1,0
Malcolm Koonce,2023,DE,Packers,1,0
Mack Hollins,2023,WR,Falcons,4,0
Lynn Bowden,2023,WR,Saints,1,0
Luke Tenuta,2023,T,Packers,2,0
Luke Musgrave,2023,TE,Packers,6,0
Nahshon Wright,2023,CB,Cowboys,1,0
Malik Hamm,2023,LB,Ravens,3,0
Michael Mayer,2023,TE,Raiders,2,0
Markus Golden,2023,LB,Steelers,1,0
Mike Greene,2023,DT,Buccaneers,5,0
Mike Edwards,2023,S,Chiefs,5,0
Mekhi Becton,2023,T,Jets,14,0
Mecole Hardman,2023,WR,Chiefs,3,0
Mazi Smith,2023,DT,Cowboys,1,0
Mike Evans,2023,WR,Buccaneers,8,0
Mike Ford,2023,CB,Browns,4,0
Maxx Crosby,2023,DE,Raiders,12,0
Mike Hughes,2023,CB,Falcons,3,0
Micheal Clemons,2023,DE,Jets,3,0
Maxx Crosby,2023,DE,Packers,1,0
Mike McGlinchey,2023,T,Broncos,1,0
Max Scharping,2023,G,Bengals,1,0
Mike Morris,2023,DE,Seahawks,2,0
Max Mitchell,2023,T,Jets,2,0
Max Garcia,2023,G,Saints,1,0
Maurice Hurst,2023,DT,Browns,2,0
Mike Brown,2023,S,Titans,3,0
Mekhi Becton,2023,T,Vikings,1,0
Matthew Stafford,2023,QB,Rams,2,0
Michael Carter,2023,RB,Cardinals,1,0
Michael Gallup,2023,WR,Cowboys,2,0
Michael Dunn,2023,G,Browns,1,0
Michael Dickson,2023,P,Seahawks,1,0
Michael Deiter,2023,C,Texans,3,0
Michael Davis,2023,CB,Chargers,2,0
Michael Danna,2023,DE,Chiefs,1,0
Michael Carter II,2023,CB,Jets,5,0
Micah Parsons,2023,LB,Cowboys,2,0
Michael Wilson,2023,WR,Cardinals,6,0
Micah Parsons,2023,LB,Broncos,1,0
Micah McFadden,2023,LB,Giants,2,0
Micah McFadden,2023,LB,Falcons,1,0
Michael Pierce,2023,DT,Ravens,1,0
Michael Thomas,2023,WR,Saints,2,0
Micah Hyde,2023,S,Bills,11,0
Mekhi Blackmon,2023,CB,Vikings,1,0
Liam Eichenberg,2023,T,Dolphins,1,0
Matthew Stafford,2023,QB,Eagles,1,0
Mo Alie-Cox,2023,TE,Titans,1,0
Mitchell Fraboni,2023,LS,Broncos,1,0
Minkah Fitzpatrick,2023,S,Steelers,10,0
Marvin Mims Jr.,2023,WR,Broncos,4,0
Marvin Jones,2023,WR,Lions,1,0
Martin Emerson,2023,CB,Browns,1,0
Marshon Lattimore,2023,CB,Saints,2,0
Mitch Morse,2023,C,Bills,1,0
Marquise Brown,2023,WR,Cardinals,8,0
Marquis Haynes,2023,LB,Panthers,8,0
Miles Sanders,2023,RB,Dolphins,1,0
Mitchell Wilcox,2023,TE,Bengals,2,0
Michael Hoecht,2023,LB,Rams,4,0
Marquez Valdes-Scantling,2023,WR,Chiefs,1,0
Marlon Tuipulotu,2023,DT,Eagles,2,0
Marlon Tuipulotu,2023,DT,Cardinals,1,0
Marlon Humphrey,2023,CB,Ravens,11,0
Marlon Davidson,2023,DT,Titans,1,0
Miles Sanders,2023,RB,Panthers,6,0
Mason Cole,2023,C,Steelers,1,0
Matthew Slater,2023,WR,Patriots,6,0
Matt Gay,2023,K,Colts,1,0
Matthew Judon,2023,LB,Patriots,2,0
Mike Onwenu,2023,G,Patriots,5,0
Matthew Adams,2023,LB,Browns,3,0
Matt Waletzko,2023,T,Cowboys,4,0
Matt Peart,2023,T,Giants,4,0
Matt Nelson,2023,T,Lions,1,0
Matt Milano,2023,LB,Bills,1,0
Mike Purcell,2023,DT,Broncos,9,0
Matt Breida,2023,RB,Giants,1,0
Mike Purcell,2023,DT,Jets,1,0
Matt Feiler,2023,G,Buccaneers,4,0
Matt Dickerson,2023,DT,Rams,1,0
Mike Williams,2023,WR,Chargers,1,0
Matt Dickerson,2023,DT,Chiefs,1,0
Miles Killebrew,2023,S,Steelers,1,0
Matt Corral,2023,QB,Patriots,1,0
A'Shawn Robinson,2023,DT,Giants,5,0
Kyren Williams,2023,RB,Rams,2,0
Liam Eichenberg,2023,G,Dolphins,4,0
Justin Simmons,2023,S,Broncos,6,0
Justin Reid,2023,S,Chiefs,3,0
Justin Pugh,2023,G,Giants,4,0
Justin McCray,2023,C,Panthers,1,0
Justin Jefferson,2023,WR,Vikings,5,0
Justin Houston,2023,LB,Panthers,4,0
Justin Houston,2023,LB,Dolphins,1,0
Justin Hollins,2023,LB,Chargers,2,0
Justin Herbert,2023,QB,Chargers,7,0
Justin Hardee,2023,CB,Jets,3,0
Justin Fields,2023,QB,Bears,5,0
Justin Evans,2023,S,Eagles,5,0
Justin Evans,2023,S,Cardinals,1,0
Justin Bethel,2023,CB,Giants,1,0
Justin Bethel,2023,CB,Dolphins,2,0
Justice Hill,2023,RB,Ravens,3,0
Julius Brents,2023,CB,Colts,8,0
Julio Jones,2023,WR,Eagles,3,0
Julian Okwara,2023,LB,Panthers,1,0
Julian Love,2023,S,Seahawks,3,0
Justin Shorter,2023,WR,Bills,3,0
Justin Simmons,2023,S,Jets,1,0
Juice Scruggs,2023,C,Texans,1,0
Justin Strnad,2023,LB,Broncos,1,0
Kareem Hunt,2023,RB,Browns,9,0
Kana'i Mauga,2023,LB,Raiders,2,0
Kamu Grugier-Hill,2023,LB,Panthers,2,0
Kamren Curl,2023,S,Commanders,2,0
Kalif Raymond,2023,WR,Lions,2,0
Kaleb McGary,2023,T,Falcons,5,0
Kaiir Elam,2023,CB,Bills,6,0
Kaevon Merriweather,2023,S,Buccaneers,3,0
Kader Kohou,2023,CB,Dolphins,4,0
Kadarius Toney,2023,WR,Rams,1,0
Kadarius Toney,2023,WR,Chiefs,15,0
KaVontae Turpin,2023,WR,Cowboys,4,0
Ka'imi Fairbairn,2023,K,Texans,2,0
Ka'dar Hollman,2023,CB,Texans,1,0
K.J. Britt,2023,LB,Buccaneers,2,0
K'Von Wallace,2023,S,Titans,4,0
Juwan Johnson,2023,TE,Saints,6,0
Justyn Ross,2023,WR,Chiefs,2,0
Justin Watson,2023,WR,Chiefs,6,0
Julian Hill,2023,TE,Dolphins,4,0
Juanyeh Thomas,2023,S,Cowboys,2,0
Kayshon Boutte,2023,WR,Patriots,6,0
Josh Downs,2023,WR,Colts,2,0
Josh Allen,2023,QB,Bills,10,0
Josh Ali,2023,WR,Falcons,1,0
Josey Jewell,2023,LB,Jets,1,0
Josey Jewell,2023,LB,Broncos,2,0
Joseph Ossai,2023,DE,Bengals,3,0
Jordyn Brooks,2023,LB,Seahawks,11,0
Jordan Whitehead,2023,S,Jets,1,0
Jordan Stout,2023,P,Ravens,1,0
Jordan Poyer,2023,S,Bills,4,0
Jordan Phillips,2023,DT,Bills,4,0
Jordan Meredith,2023,G,Raiders,1,0
Jordan Mason,2023,RB,49ers,3,0
Jordan Kunaszyk,2023,LB,Browns,5,0
Jordan Howden,2023,S,Saints,4,0
Jordan Hicks,2023,LB,Vikings,2,0
Jordan Hicks,2023,LB,Chiefs,1,0
Jordan Fuller,2023,S,Rams,1,0
Jordan Davis,2023,DT,Eagles,4,0
Jordan Addison,2023,WR,Vikings,2,0
Josh Blackwell,2023,CB,Bears,4,0
Josh Hines-Allen,2023,LB,Jaguars,3,0
Juan Thornhill,2023,S,Browns,11,0
Josh Jacobs,2023,RB,Raiders,3,0
Jourdan Lewis,2023,CB,Cowboys,7,0
Josiah Deguara,2023,TE,Packers,3,0
Joshua Williams,2023,CB,Chiefs,2,0
Joshua Uche,2023,LB,Patriots,4,0
Joshua Pryor,2023,DE,Commanders,1,0
Joshua Paschal,2023,DE,Lions,4,0
Joshua Dobbs,2023,QB,Vikings,1,0
Josh Woods,2023,LB,Cardinals,5,0
Josh Woods,2023,LB,Bengals,1,0
Josh Whyle,2023,TE,Lions,1,0
Josh Tupou,2023,DT,Bengals,5,0
Josh Sweat,2023,DE,Eagles,2,0
Josh Reynolds,2023,WR,Panthers,1,0
Josh Reynolds,2023,WR,Lions,2,0
Josh Myers,2023,C,Packers,3,0
Josh Metellus,2023,S,Vikings,2,0
Josh Metellus,2023,S,Chiefs,1,0
Josh Jones,2023,G,Texans,6,0
Josh Jobe,2023,CB,Eagles,1,0
Kareem Jackson,2023,S,Broncos,1,0
Kayvon Thibodeaux,2023,LB,Giants,3,0
Lewis Cine,2023,S,Vikings,2,0
Landon Dickerson,2023,G,Eagles,3,0
Laken Tomlinson,2023,G,Jets,1,0
LaCale London,2023,DT,Falcons,2,0
LaBryan Ray,2023,DE,Panthers,1,0
L.J. Collier,2023,DE,Cardinals,1,0
L'Jarius Sneed,2023,CB,Rams,1,0
L'Jarius Sneed,2023,CB,Chiefs,15,0
Nic Jones,2023,CB,Chiefs,4,0
Kyren Williams,2023,RB,Eagles,1,0
Kyler Murray,2023,QB,Cardinals,5,0
Kyler Gordon,2023,CB,Bears,2,0
Kyle Van Noy,2023,LB,Ravens,1,0
Kyle Pitts,2023,TE,Falcons,1,0
Kyle Philips,2023,WR,Titans,3,0
Kyle Philips,2023,WR,Lions,1,0
Kyle Hamilton,2023,S,Ravens,3,0
Kyle Dugger,2023,S,Patriots,3,0
Kwity Paye,2023,DE,Colts,1,0
Kurt Hinish,2023,DT,Texans,1,0
Krys Barnes,2023,LB,Cardinals,4,0
Lamar Jackson,2023,QB,Ravens,1,0
Landon Young,2023,T,Saints,4,0
Kristian Fulton,2023,CB,Titans,3,0
Lane Johnson,2023,T,Eagles,2,0
Lewis Cine,2023,S,Chiefs,1,0
Levi Wallace,2023,CB,Steelers,3,0
Levi Onwuzurike,2023,DT,Lions,1,0
Levi Onwuzurike,2023,DE,Lions,2,0
Lester Cotton,2023,G,Giants,1,0
Lester Cotton,2023,G,Dolphins,4,0
Leonard Williams,2023,DT,Seahawks,6,0
Leonard Williams,2023,DT,Giants,1,0
Leonard Floyd,2023,DE,Bills,9,0
Leo Chenal,2023,LB,Chiefs,1,0
Leki Fotu,2023,DT,Cardinals,3,0
Lawrence Cager,2023,TE,Giants,3,0
Lavonte David,2023,LB,Buccaneers,9,0
Lavonte David,2023,DT,Buccaneers,1,0
Laviska Shenault Jr.,2023,WR,Panthers,5,0
Larry Ogunjobi,2023,DT,Steelers,6,0
Larry Borom,2023,T,Bears,3,0
Larrell Murchison,2023,DT,Rams,8,0
Laremy Tunsil,2023,T,Texans,16,0
Krys Barnes,2023,LB,Bengals,1,0
Kolton Miller,2023,T,Raiders,7,0
Ke'Shawn Vaughn,2023,RB,Buccaneers,1,0
Kenny McIntosh,2023,RB,Seahawks,4,0
Kenneth Walker III,2023,RB,Seahawks,8,0
"Kenneth Murray, Jr.",2023,LB,Chargers,6,0
Kenneth Gainwell,2023,RB,Eagles,2,0
Kene Nwangwu,2023,RB,Vikings,3,0
Kendre Miller,2023,RB,Saints,12,0
Kendall Lamm,2023,T,Dolphins,4,0
Kendall Fuller,2023,CB,Commanders,7,0
Kelvin Joseph,2023,CB,Dolphins,1,0
Kelvin Beachum,2023,T,Cardinals,7,0
Kelvin Beachum,2023,T,Bengals,1,0
Keisean Nixon,2023,CB,Packers,4,0
Kei'Trel Clark,2023,CB,Cardinals,1,0
Keenan Allen,2023,WR,Chargers,10,0
Keeanu Benton,2023,DT,Steelers,2,0
Keaton Mitchell,2023,RB,Ravens,5,0
Kearis Jackson,2023,WR,Titans,1,0
Keaontay Ingram,2023,RB,Cardinals,2,0
Keaontay Ingram,2023,RB,Bengals,1,0
Keanu Neal,2023,S,Steelers,1,0
Kenny Clark,2023,DE,Packers,4,0
Kenny Moore II,2023,CB,Colts,2,0
Kobie Turner,2023,DT,Rams,1,0
Kenny Pickett,2023,QB,Steelers,7,0
Ko Kieft,2023,TE,Buccaneers,2,0
Kingsley Enagbare,2023,LB,Packers,3,0
Khyiris Tonga,2023,DT,Vikings,2,0
Khalil Mack,2023,DE,Chargers,10,0
Khalil Herbert,2023,RB,Bears,3,0
Khalil Dorsey,2023,CB,Lions,3,0
Khalid Kareem,2023,LB,Bears,1,0
Khalid Kareem,2023,DE,Bears,1,0
Khaleke Hudson,2023,LB,Commanders,1,0
KhaDarel Hodge,2023,WR,Falcons,1,0
Kevon Seymour,2023,CB,Ravens,2,0
Kevin Zeitler,2023,G,Ravens,1,0
Kevin Strong,2023,DT,Cardinals,9,0
Kevin Rader,2023,TE,Titans,1,0
Kevin Dotson,2023,G,Rams,4,0
Kerby Joseph,2023,S,Panthers,1,0
Kerby Joseph,2023,S,Lions,2,0
Kentavius Street,2023,DT,Falcons,1,0
Kenny Yeboah,2023,TE,Jets,3,0
Neville Hewitt,2023,LB,Texans,2,0
Noah Gray,2023,TE,Chiefs,2,0
Nicholas Morrow,2023,LB,Cardinals,1,0
Tre Hawkins III,2023,CB,Giants,2,0
Trent Williams,2023,T,49ers,13,0
Trent Sherfield,2023,WR,Bills,2,0
Trent McDuffie,2023,CB,Chiefs,2,0
Tremaine Edmunds,2023,LB,Bears,3,0
Tre'von Moehrig,2023,S,Raiders,2,0
Tre'Quan Smith,2023,WR,Saints,1,0
Tre'Davious White,2023,CB,Bills,3,0
Tre Tucker,2023,WR,Raiders,1,0
Tre Tomlinson,2023,CB,Rams,2,0
Tre Avery,2023,CB,Titans,3,0
Trenton Irwin,2023,WR,Bengals,1,0
Travis Vokolek,2023,TE,Cardinals,1,0
Travis Kelce,2023,TE,Chiefs,5,0
Travis Homer,2023,RB,Bears,4,0
Travis Etienne,2023,RB,Jaguars,3,0
Tracy Walker III,2023,S,Lions,1,0
Tony Pollard,2023,RB,Cowboys,3,0
Tony Fields II,2023,LB,Browns,2,0
Tony Brown,2023,CB,Colts,3,0
Tony Adams,2023,S,Vikings,1,0
Trent Williams,2023,T,Cowboys,1,0
Trenton Thompson,2023,S,Steelers,2,0
Tommy Tremble,2023,TE,Panthers,6,0
Trey Pipkins,2023,T,Chargers,6,0
Ty Montgomery,2023,RB,Patriots,1,0
Ty Johnson,2023,RB,Bills,3,0
Tua Tagovailoa,2023,QB,Dolphins,2,0
Trystan Colon,2023,C,Cardinals,3,0
Troy Reeder,2023,LB,Rams,1,0
Troy Dye,2023,LB,Vikings,2,0
Tristan Wirfs,2023,T,Buccaneers,4,0
Treylon Burks,2023,WR,Lions,1,0
Trey Smith,2023,G,Chiefs,2,0
Trey Palmer,2023,WR,Buccaneers,1,0
Tress Way,2023,P,Commanders,1,0
Trey McBride,2023,TE,Cardinals,1,0
Trey Hendrickson,2023,DE,Colts,1,0
Trey Hendrickson,2023,DE,Bengals,3,0
Trey Flowers,2023,LB,Patriots,1,0
Trey Flowers,2023,DE,Patriots,2,0
Trevor Siemian,2023,QB,Jets,1,0
Trevor Nowaske,2023,LB,Cardinals,1,0
Trevon Wesco,2023,TE,Titans,4,0
Trevon Diggs,2023,CB,Cowboys,1,0
Tony Adams,2023,S,Jets,3,0
Tommy Townsend,2023,P,Chiefs,4,0
Spencer Brown,2023,T,Bills,3,0
Sydney Brown,2023,S,Cardinals,1,0
Tashaun Gipson,2023,S,49ers,1,0
Taron Johnson,2023,CB,Bills,3,0
Tanner Muse,2023,LB,Chargers,2,0
Tanner Hudson,2023,TE,Bengals,1,0
Talanoa Hufanga,2023,S,49ers,2,0
TK McLendon Jr.,2023,DE,Titans,3,0
T.J. Watt,2023,LB,Steelers,4,0
T.J. Hockenson,2023,TE,Vikings,4,0
Sydney Brown,2023,S,Eagles,4,0
Sua Opeta,2023,G,Eagles,1,0
Taylor Decker,2023,T,Lions,7,0
Steven Nelson,2023,CB,Texans,6,0
Stetson Bennett,2023,QB,Rams,1,0
Sterling Shepard,2023,WR,Giants,2,0
Stephon Gilmore,2023,CB,Cowboys,7,0
Stephon Gilmore,2023,CB,Broncos,1,0
Stephen Sullivan,2023,TE,Panthers,7,0
Stephen Sullivan,2023,TE,Dolphins,1,0
Stefon Diggs,2023,WR,Bills,3,0
Starling Thomas V,2023,CB,Cardinals,2,0
Tavierre Thomas,2023,CB,Texans,7,0
Taylor Decker,2023,T,Panthers,1,0
Tommy DeVito,2023,QB,Giants,1,0
Terence Steele,2023,T,Cowboys,1,0
Theo Jackson,2023,S,Vikings,2,0
Thayer Munford Jr.,2023,T,Raiders,2,0
Tershawn Wharton,2023,DT,Chiefs,2,0
Terry McLaurin,2023,WR,Commanders,2,0
Terron Armstead,2023,T,Giants,1,0
Terron Armstead,2023,T,Dolphins,13,0
Terrell Edmunds,2023,S,Titans,3,0
Terrell Edmunds,2023,S,Eagles,1,0
Terrace Marshall Jr.,2023,WR,Panthers,1,0
Terell Smith,2023,CB,Bears,6,0
Taylor Heinicke,2023,QB,Falcons,2,0
Tee Higgins,2023,WR,Colts,1,0
Tee Higgins,2023,WR,Bengals,5,0
Teddy Bridgewater,2023,QB,Lions,3,0
Tedarrell Slaton,2023,DT,Packers,4,0
Teair Tart,2023,DT,Titans,7,0
Teair Tart,2023,DT,Lions,1,0
Taysom Hill,2023,QB,Saints,5,0
Taylor Rapp,2023,S,Bills,3,0
Taylor Moton,2023,T,Panthers,12,0
Ty Montgomery,2023,WR,Patriots,2,0
Tycen Anderson,2023,S,Bengals,2,0
Tyjae Spears,2023,RB,Titans,2,0
Wyatt Teller,2023,G,Browns,6,0
Yaya Diaby,2023,LB,Buccaneers,1,0
Yasir Abdullah,2023,LB,Jaguars,1,0
Yannick Ngakoue,2023,DE,Bears,2,0
Xavier Woods,2023,S,Panthers,9,0
Xavier Woods,2023,S,Dolphins,1,0
Xavier McKinney,2023,S,Giants,2,0
Xavier Hutchinson,2023,WR,Texans,1,0
Xavier Gipson,2023,WR,Jets,2,0
Xavien Howard,2023,CB,Dolphins,9,0
Willie Gay Jr.,2023,LB,Chiefs,3,0
Yosh Nijman,2023,T,Packers,5,0
William Gholston,2023,DE,Buccaneers,2,0
Will McDonald IV,2023,DE,Jets,5,0
Will Mallory,2023,TE,Colts,1,0
Will Levis,2023,QB,Titans,9,0
Will Hernandez,2023,G,Cardinals,1,0
Will Hernandez,2023,G,Bengals,1,0
Will Dissly,2023,TE,Seahawks,4,0
Will Clapp,2023,C,Chargers,2,0
Will Anderson Jr.,2023,DE,Texans,8,0
Yetur Gross-Matos,2023,LB,Panthers,5,0
Younghoe Koo,2023,K,Falcons,2,0
Tylan Wallace,2023,WR,Ravens,1,0
Zack Martin,2023,G,Cowboys,11,0
Zeke Turner,2023,LB,Cardinals,2,0
Zayne Anderson,2023,S,Packers,4,0
Zayne Anderson,2023,S,49ers,1,0
Zay Jones,2023,WR,Jaguars,13,0
Zay Flowers,2023,WR,Ravens,3,0
Zaven Collins,2023,LB,Cardinals,3,0
Zaire Franklin,2023,LB,Colts,3,0
Zaire Barnes,2023,LB,Jets,1,0
Zack Moss,2023,RB,Colts,6,0
Zack Martin,2023,G,Broncos,1,0
Za'Darius Smith,2023,DE,Browns,8,0
Zack Bailey,2023,G,Chargers,2,0
Zach Triner,2023,LS,Buccaneers,1,0
Zach Tom,2023,T,Packers,2,0
Zach Tom,2023,T,49ers,1,0
Zach Pascal,2023,WR,Cardinals,5,0
Zach Ertz,2023,TE,Cardinals,1,0
Zach Cunningham,2023,LB,Eagles,8,0
Zach Charbonnet,2023,RB,Seahawks,3,0
Zach Allen,2023,DE,Broncos,1,0
Wil Lutz,2023,K,Broncos,1,0
Wes Schweitzer,2023,C,Vikings,1,0
Wanya Morris,2023,T,Rams,1,0
Tyler Lockett,2023,WR,Seahawks,7,0
Tyree Wilson,2023,DE,Raiders,1,0
Tyre Phillips,2023,T,Giants,1,0
Tyrann Mathieu,2023,S,Saints,2,0
Tyquan Thornton,2023,WR,Patriots,3,0
Tyquan Lewis,2023,DE,Titans,1,0
Tyquan Lewis,2023,DE,Colts,1,0
Tyler Smith,2023,T,Cowboys,3,0
Tyler Smith,2023,G,Cowboys,1,0
Tyler Scott,2023,WR,Bears,1,0
Tyler Linderbaum,2023,C,Ravens,3,0
Wan'Dale Robinson,2023,WR,Giants,10,0
Tyler Larsen,2023,C,Commanders,5,0
Tyler Lacy,2023,DE,Jaguars,2,0
Tyler Kroft,2023,TE,Dolphins,2,0
Tyler Huntley,2023,QB,Ravens,1,0
Tyler Higbee,2023,TE,Rams,4,0
Tyler Hall,2023,CB,Raiders,2,0
Tyler Conklin,2023,TE,Jets,1,0
Tyler Boyd,2023,WR,Bengals,3,0
Tyler Biadasz,2023,C,Cowboys,4,0
Tyreek Hill,2023,WR,Dolphins,11,0
Tyreke Smith,2023,LB,Cardinals,1,0
Tyrel Dodson,2023,LB,Bills,1,0
Tyrique Stevenson,2023,CB,Bears,4,0
Wan'Dale Robinson,2023,WR,Falcons,1,0
Walker Little,2023,T,Jaguars,7,0
Vonn Bell,2023,S,Panthers,6,0
Von Miller,2023,LB,Bills,7,0
Vita Vea,2023,DT,Buccaneers,9,0
Viliami Fehoko Jr.,2023,DE,Cowboys,4,0
Victor Dimukeje,2023,LB,Cardinals,2,0
Velus Jones Jr.,2023,WR,Bears,1,0
Vederian Lowe,2023,T,Patriots,3,0
Van Jefferson,2023,WR,Rams,1,0
Ugo Amadi,2023,S,Saints,1,0
Uchenna Nwosu,2023,LB,Seahawks,2,0
Tytus Howard,2023,T,Texans,6,0
Tyson Campbell,2023,CB,Jaguars,10,0
Tyrus Wheat,2023,LB,Cowboys,1,0
Tyrone Wheatley Jr.,2023,T,Patriots,4,0
Tyron Smith,2023,T,Cowboys,16,0
Tyron Smith,2023,T,Broncos,1,0
Tyrod Taylor,2023,QB,Giants,2,0
Spencer Burford,2023,G,49ers,5,0
Solomon Thomas,2023,DT,Jets,2,0
Nicholas Morrow,2023,LB,Eagles,2,0
Peyton Hendershot,2023,TE,Broncos,1,0
Quan Martin,2023,S,Commanders,1,0
Puka Nacua,2023,WR,Rams,8,0
Preston Smith,2023,LB,Packers,2,0
Pressley Harvin III,2023,P,Steelers,3,0
Pierre Strong,2023,RB,Browns,4,0
Phil Haynes,2023,G,Seahawks,7,0
Phidarian Mathis,2023,DT,Commanders,1,0
Pharaoh Brown,2023,TE,Patriots,2,0
Peyton Hendershot,2023,TE,Cowboys,5,0
Peter Skoronski,2023,T,Titans,3,0
Quay Walker,2023,DT,Packers,1,0
Peter Skoronski,2023,T,Lions,1,0
Pete Werner,2023,LB,Saints,2,0
Percy Butler,2023,S,Commanders,4,0
Penei Sewell,2023,T,Lions,2,0
Payton Turner,2023,DE,Saints,3,0
Paulson Adebo,2023,CB,Saints,3,0
Patrick Queen,2023,LB,Ravens,1,0
Patrick Peterson,2023,CB,Steelers,10,0
Patrick Mekari,2023,T,Ravens,1,0
Quandre Diggs,2023,S,Seahawks,5,0
Quentin Johnston,2023,WR,Chargers,1,0
Patrick Mahomes,2023,QB,Chiefs,3,0
Raheem Blackshear,2023,RB,Panthers,2,0
Rashaad Penny,2023,RB,Eagles,1,0
Rashaad Penny,2023,RB,Cardinals,1,0
Randy Gregory,2023,LB,Jets,1,0
Randall Cobb,2023,WR,Jets,2,0
Rakim Jarrett,2023,WR,Buccaneers,2,0
Rakeem Nunez-Roches,2023,DT,Giants,2,0
Raheem Mostert,2023,RB,Giants,1,0
Raheem Mostert,2023,RB,Dolphins,12,0
Raheem Layne,2023,S,Chargers,1,0
Raekwon Davis,2023,DT,Dolphins,2,0
Quentin Lake,2023,S,Rams,4,0
Rachaad White,2023,RB,Buccaneers,1,0
Quinton Bohanna,2023,DT,Titans,1,0
Quintin Morris,2023,TE,Bills,3,0
Quinn Meinerz,2023,G,Broncos,1,0
Quincy Williams,2023,LB,Jets,8,0
Quez Watkins,2023,WR,Eagles,4,0
Quez Watkins,2023,WR,Cardinals,1,0
Quenton Nelson,2023,G,Titans,1,0
Quenton Nelson,2023,G,Colts,3,0
Patrick Mekari,2023,G,Ravens,1,0
Patrick Jones II,2023,DE,Vikings,2,0
Skyy Moore,2023,WR,Chiefs,3,0
Nick Herbig,2023,LB,Steelers,3,0
Nik Bonitto,2023,LB,Broncos,4,0
Nico Collins,2023,WR,Texans,5,0
Nick Zakelj,2023,G,49ers,1,0
Nick Williams,2023,DT,Chargers,5,0
Nick Westbrook-Ikhine,2023,WR,Titans,2,0
Nick Scott,2023,S,Bengals,1,0
Nick Saldiveri,2023,G,Saints,1,0
Nick Mullens,2023,QB,Vikings,2,0
Nick Mullens,2023,QB,Chiefs,1,0
Nick Harris,2023,C,Browns,5,0
Nik Needham,2023,CB,Giants,1,0
Nick Gates,2023,C,Commanders,1,0
Nick Bosa,2023,DE,49ers,3,0
Nick Bolton,2023,LB,Rams,1,0
Nick Bolton,2023,LB,Chiefs,12,0
Nick Bellore,2023,LB,Seahawks,3,0
Nick Bawden,2023,FB,Jets,2,0
Nick Allegretti,2023,G,Chiefs,1,0
Nicholas Petit-Frere,2023,T,Titans,1,0
Nicholas Petit-Frere,2023,T,Lions,1,0
Nik Needham,2023,CB,Dolphins,4,0
Nikko Remigio,2023,WR,Chiefs,1,0
Pat Surtain II,2023,CB,Broncos,2,0
Orlando Brown,2023,T,Colts,1,0
Pat Freiermuth,2023,TE,Steelers,5,0
Parris Campbell,2023,WR,Giants,3,0
Parker Washington,2023,WR,Jaguars,2,0
Paris Johnson Jr.,2023,T,Cardinals,1,0
P.J. Locke,2023,S,Jets,1,0
P.J. Locke,2023,S,Broncos,3,0
Owen Pappoe,2023,LB,Cardinals,1,0
Otito Ogbonnia,2023,DT,Chargers,6,0
Osa Odighizuwa,2023,DT,Cowboys,3,0
Orlando Brown,2023,T,Bengals,2,0
Nnamdi Madubuike,2023,DT,Ravens,1,0
Oren Burks,2023,LB,49ers,4,0
Ogbo Okoronkwo,2023,DE,Browns,10,0
Odell Beckham Jr.,2023,WR,Ravens,14,0
Odafe Oweh,2023,LB,Ravens,7,0
Ochaun Mathis,2023,LB,Eagles,1,0
Noah Sewell,2023,LB,Bears,6,0
Jonathon Cooper,2023,LB,Broncos,2,0
Noah Fant,2023,TE,Seahawks,5,0
Noah Brown,2023,WR,Texans,9,0
Rashan Gary,2023,LB,Packers,8,0
Rashawn Slater,2023,T,Chargers,8,0
Rashee Rice,2023,WR,Chiefs,4,0
Sam Eguavoen,2023,LB,Vikings,1,0
Saquon Barkley,2023,RB,Falcons,1,0
Samuel Womack,2023,CB,49ers,4,0
Samaje Perine,2023,RB,Broncos,6,0
Sam Williams,2023,DE,Cowboys,2,0
Sam Martin,2023,P,Bills,1,0
Sam LaPorta,2023,TE,Lions,3,0
Sam Hubbard,2023,DE,Bengals,5,0
Sam Franklin Jr.,2023,S,Panthers,4,0
Sam Ehlinger,2023,QB,Colts,1,0
Sam Eguavoen,2023,LB,Jets,3,0
Sauce Gardner,2023,CB,Jets,2,0
Sam Cosmi,2023,G,Commanders,4,0
Salvon Ahmed,2023,RB,Giants,1,0
Salvon Ahmed,2023,RB,Dolphins,4,0
Saahdiq Charles,2023,G,Commanders,2,0
Ryan Wright,2023,P,Vikings,1,0
Ryan Tannehill,2023,QB,Titans,6,0
Ryan Stonehouse,2023,P,Titans,1,0
Ryan Neuzil,2023,C,Falcons,1,0
Ryan Neal,2023,S,Buccaneers,6,0
Saquon Barkley,2023,RB,Giants,9,0
Sean Harlow,2023,C,Giants,2,0
Rashid Shaheed,2023,WR,Saints,3,0
Shaquille Leonard,2023,LB,Titans,1,0
Siran Neal,2023,CB,Bills,1,0
SirVocea Dennis,2023,LB,Buccaneers,6,0
Sione Takitaki,2023,LB,Browns,6,0
Siaki Ika,2023,DT,Browns,2,0
Shemar Jean-Charles,2023,CB,49ers,1,0
Sheldon Rankins,2023,DT,Texans,7,0
Sheldon Day,2023,DT,Vikings,2,0
Shelby Harris,2023,DT,Browns,3,0
Shaun Wade,2023,CB,Patriots,7,0
Shaquille Leonard,2023,LB,Colts,2,0
Sean Murphy-Bunting,2023,CB,Titans,7,0
Shaquill Griffin,2023,CB,Texans,3,0
Shaquil Barrett,2023,LB,Buccaneers,2,0
Shaq Mason,2023,G,Texans,7,0
Shaq Lawson,2023,DE,Bills,3,0
Shane Lemieux,2023,G,Giants,2,0
Shane Lemieux,2023,G,Falcons,1,0
Segun Olubi,2023,LB,Colts,3,0
Sebastian Joseph-Day,2023,DT,Chargers,7,0
Sean Rhyan,2023,G,Packers,1,0
Ryan Kelly,2023,C,Titans,1,0
Ryan Bates,2023,C,Bills,1,0
Russ Yeast,2023,S,Rams,2,0
Rico Dowdle,2023,RB,Cowboys,7,0
Robert Hainsey,2023,C,Buccaneers,2,0
Robert Beal Jr.,2023,DE,49ers,3,0
Robbie Chosen,2023,WR,Dolphins,1,0
Rob Havenstein,2023,T,Rams,9,0
River Cracraft,2023,WR,Dolphins,3,0
Riq Woolen,2023,CB,Seahawks,3,0
Riley Reiff,2023,T,Patriots,6,0
Riley Moss,2023,CB,Broncos,2,0
Rigoberto Sanchez,2023,P,Colts,1,0
Rico Dowdle,2023,RB,Broncos,1,0
Rudy Ford,2023,S,Packers,6,0
Ricky Stromberg,2023,C,Commanders,1,0
Richie James,2023,WR,Chiefs,5,0
Richie Grant,2023,S,Falcons,1,0
Rhamondre Stevenson,2023,RB,Patriots,6,0
Reid Ferguson,2023,LS,Bills,3,0
Reed Blankenship,2023,S,Eagles,6,0
Ray-Ray McCloud,2023,WR,49ers,6,0
Rasul Douglas,2023,CB,Bills,2,0
Rashod Bateman,2023,WR,Ravens,5,0
Robert Hunt,2023,G,Dolphins,9,0
Robert Hunt,2023,G,Giants,1,0
Robert Jones,2023,G,Dolphins,6,0
Robert Jones,2023,G,Giants,1,0
Rudy Ford,2023,S,49ers,1,0
Roy Robertson-Harris,2023,DT,Jaguars,2,0
Ross Matiscik,2023,LS,Jaguars,1,0
Ross Dwelley,2023,TE,49ers,4,0
Roquan Smith,2023,LB,Ravens,3,0
Ronnie Stanley,2023,T,Ravens,9,0
Ronnie Rivers,2023,RB,Rams,1,0
Ronnie Perkins,2023,DE,Broncos,1,0
Ronald Darby,2023,CB,Ravens,1,0
Romeo Doubs,2023,WR,Packers,3,0
Roger McCreary,2023,CB,Titans,4,0
Rodney Thomas,2023,S,Colts,2,0
Rodney McLeod Jr.,2023,S,Browns,1,0
Roderic Teamer,2023,S,Raiders,3,0
Rock Ya-Sin,2023,CB,Ravens,1,0
Robert Woods,2023,WR,Texans,16,0
Robert Tonyan,2023,TE,Bears,1,0
Robert Spillane,2023,LB,Raiders,5,0
Robert Rochell,2023,CB,Packers,3,0
Jonnu Smith,2023,TE,Falcons,3,0
Joey Blount,2023,S,Cardinals,3,0
Jonathan Williams,2023,RB,Commanders,1,0
Christian McCaffrey,2023,RB,49ers,3,0
Chukwuma Okorafor,2023,T,Steelers,3,0
Chuba Hubbard,2023,RB,Panthers,1,0
Christopher Hinton,2023,DT,Chargers,1,0
Christian Wilkins,2023,DE,Dolphins,1,0
Christian Watson,2023,WR,Packers,13,0
Christian Watson,2023,WR,49ers,1,0
Christian Rozeboom,2023,LB,Rams,1,0
Christian Rozeboom,2023,LB,Eagles,1,0
Christian McCaffrey,2023,RB,Cowboys,1,0
Christian Kirk,2023,WR,Jaguars,1,0
Chuma Edoga,2023,T,Cowboys,5,0
Christian Holmes,2023,CB,Commanders,3,0
Christian Gonzalez,2023,CB,Patriots,1,0
Christian Darrisaw,2023,T,Vikings,4,0
Christian Braswell,2023,CB,Jaguars,6,0
Christian Benford,2023,CB,Bills,5,0
Christian Barmore,2023,DT,Patriots,13,0
Chris Smith II,2023,S,Raiders,1,0
Chris Rumph II,2023,LB,Chargers,1,0
Chris Rumph II,2023,DE,Chargers,2,0
Chuma Edoga,2023,T,Broncos,1,0
Claudin Cherelus,2023,LB,Dolphins,1,0
Cooper Rush,2023,QB,Cowboys,1,0
Cole Kmet,2023,TE,Bears,4,0
Cooper Kupp,2023,WR,Eagles,1,0
Connor Williams,2023,C,Giants,1,0
Connor Williams,2023,C,Dolphins,8,0
Connor Heyward,2023,TE,Steelers,1,0
Colton McKivitz,2023,T,49ers,1,0
Colton Dowell,2023,WR,Titans,1,0
Coleman Shelton,2023,C,Rams,2,0
Cole Turner,2023,TE,Commanders,1,0
Cole Strange,2023,G,Patriots,8,0
Cole Holcomb,2023,LB,Steelers,2,0
Claudin Cherelus,2023,LB,Panthers,3,0
Colby Parkinson,2023,TE,Seahawks,3,0
Cody Thompson,2023,WR,Seahawks,1,0
Cody Mauch,2023,G,Buccaneers,3,0
Cody Davis,2023,S,Patriots,4,0
Cody Barton,2023,LB,Commanders,3,0
Coby Bryant,2023,CB,Seahawks,4,0
Cobie Durant,2023,CB,Rams,4,0
Clyde Edwards-Helaire,2023,RB,Chiefs,5,0
Clelin Ferrell,2023,DE,49ers,1,0
Chris Rodriguez Jr.,2023,RB,Commanders,4,0
Chris Reed,2023,G,Vikings,4,0
Chris Paul,2023,G,Commanders,1,0
Case Keenum,2023,QB,Texans,1,0
Charles Leno Jr.,2023,T,Commanders,4,0
Charles Cross,2023,T,Seahawks,6,0
Chandler Zavala,2023,G,Panthers,4,0
Chandler Wooten,2023,LB,Panthers,3,0
Chandler Jones,2023,DE,Raiders,2,0
Chance Campbell,2023,LB,Titans,1,0
Chamarri Conner,2023,CB,Chiefs,1,0
CeeDee Lamb,2023,WR,Cowboys,2,0
CeeDee Lamb,2023,WR,Broncos,1,0
Carter Warren,2023,T,Vikings,1,0
Chris Moore,2023,WR,Titans,3,0
Carter Warren,2023,T,Jets,3,0
Carter O'Donnell,2023,T,Cardinals,1,0
Carter Coughlin,2023,LB,Giants,2,0
Carrington Valentine,2023,CB,Packers,1,0
Carrington Valentine,2023,CB,49ers,1,0
Carlos Watkins,2023,DE,Cardinals,1,0
Carl Granderson,2023,DE,Saints,1,0
Cameron Young,2023,DT,Seahawks,1,0
Cameron Thomas,2023,LB,Cardinals,2,0
Charles Omenihu,2023,DE,Chiefs,2,0
Charlie Heck,2023,T,Texans,3,0
Charlie Jones,2023,WR,Bengals,3,0
Charlie Kolar,2023,TE,Ravens,1,0
Chris Manhertz,2023,TE,Broncos,6,0
Chris Lindstrom,2023,G,Falcons,3,0
Chris Jones,2023,DT,Rams,1,0
Chris Jones,2023,DT,Chiefs,2,0
Chris Godwin,2023,WR,Buccaneers,7,0
Chris Evans,2023,RB,Bengals,1,0
Chris Brooks,2023,RB,Dolphins,5,0
Chris Board,2023,LB,Patriots,2,0
Chig Okonkwo,2023,TE,Titans,2,0
Chidobe Awuzie,2023,CB,Colts,1,0
Chidobe Awuzie,2023,CB,Bengals,8,0
Chazz Surratt,2023,LB,Jets,4,0
Chase Young,2023,DE,Commanders,2,0
Chase Edmonds,2023,RB,Buccaneers,1,0
Chase Claypool,2023,WR,Dolphins,4,0
Chase Claypool,2023,WR,Bears,1,0
Chase Brown,2023,RB,Bengals,4,0
Charvarius Ward,2023,CB,Cowboys,1,0
Charvarius Ward,2023,CB,49ers,2,0
Cooper Kupp,2023,WR,Rams,4,0
Cordale Flott,2023,CB,Giants,6,0
Cameron Sample,2023,DE,Bengals,4,0
Dante Fowler Jr.,2023,DE,Cowboys,1,0
Daron Payne,2023,DT,Commanders,1,0
Darnell Wright,2023,T,Bears,2,0
Darnell Washington,2023,TE,Steelers,2,0
Darnell Savage,2023,S,Packers,8,0
Darius Slayton,2023,WR,Giants,1,0
Darius Slay,2023,CB,Eagles,7,0
Darius Harris,2023,LB,Chiefs,1,0
Dareke Young,2023,WR,Seahawks,5,0
Dare Ogunbowale,2023,RB,Texans,2,0
Danny Gray,2023,WR,49ers,1,0
Darrell Taylor,2023,LB,Seahawks,3,0
Danielle Hunter,2023,DE,Vikings,1,0
Daniel Whelan,2023,P,Packers,2,0
Daniel Thomas,2023,S,Jaguars,1,0
Daniel Jones,2023,QB,Giants,4,0
Daniel Carlson,2023,K,Raiders,3,0
Daniel Brunskill,2023,G,Titans,5,0
Daniel Brunskill,2023,C,Titans,2,0
Daniel Bellinger,2023,TE,Giants,2,0
Daniel Bellinger,2023,TE,Falcons,1,0
Darrell Luter Jr.,2023,CB,49ers,4,0
Darren Waller,2023,TE,Giants,8,0
Cordarrelle Patterson,2023,RB,Falcons,10,0
David Njoku,2023,TE,Browns,14,0
Dax Milne,2023,WR,Commanders,1,0
Dawuane Smoot,2023,LB,Jaguars,1,0
Dawuane Smoot,2023,DE,Jaguars,1,0
Dawson Knox,2023,TE,Bills,9,0
Dawand Jones,2023,T,Browns,6,0
Davon Godchaux,2023,DT,Patriots,6,0
David Sharpe,2023,T,Panthers,1,0
David Onyemata,2023,DT,Falcons,7,0
David Ojabo,2023,LB,Ravens,1,0
David Montgomery,2023,RB,Lions,6,0
Daryl Worley,2023,S,Ravens,3,0
David Mayo,2023,LB,Commanders,1,0
David Long,2023,LB,Dolphins,1,0
David Long,2023,CB,Raiders,1,0
David Long,2023,CB,Packers,1,0
David Bell,2023,WR,Browns,4,0
David Bakhtiari,2023,T,Packers,4,0
David Andrews,2023,C,Patriots,4,0
Davante Adams,2023,WR,Raiders,6,0
Davante Adams,2023,WR,Packers,1,0
Dane Belton,2023,S,Giants,1,0
Dan Skipper,2023,T,Lions,1,0
Dan Moore Jr.,2023,T,Steelers,2,0
D'Ernest Johnson,2023,RB,Jaguars,2,0
DJ Davidson,2023,DT,Giants,4,0
DJ Chark,2023,WR,Panthers,6,0
D.J. Reader,2023,DT,Bengals,3,0
D.J. Montgomery,2023,WR,Colts,1,0
D.J. Jones,2023,DT,Broncos,4,0
D.J. Humphries,2023,T,Cardinals,2,0
D'Wayne Eskridge,2023,WR,Seahawks,6,0
D'Shawn Jamison,2023,CB,Panthers,1,0
D'Onta Foreman,2023,RB,Bears,5,0
D'Ante Smith,2023,T,Bengals,3,0
Dan Feeney,2023,C,Bears,2,0
D'Ante Smith,2023,G,Bengals,1,0
D'Andre Swift,2023,RB,Eagles,3,0
Curtis Samuel,2023,WR,Commanders,9,0
Curtis Hodges,2023,TE,Commanders,2,0
Curtis Bolton,2023,LB,Raiders,4,0
Craig Reynolds,2023,RB,Lions,1,0
Corey Linsley,2023,C,Chargers,1,0
Corey Bojorquez,2023,P,Browns,2,0
Corey Ballentine,2023,CB,Packers,1,0
DJ Johnson,2023,LB,Panthers,3,0
DJ Moore,2023,WR,Bears,1,0
DJ Turner,2023,WR,Raiders,2,0
DJ Turner II,2023,CB,Bengals,2,0
Damontae Kazee,2023,S,Steelers,3,0
Damone Clark,2023,LB,Cowboys,1,0
Damone Clark,2023,LB,Broncos,1,0
Damien Lewis,2023,G,Seahawks,8,0
Damien Harris,2023,RB,Bills,2,0
Dameon Pierce,2023,RB,Texans,5,0
Damarri Mathis,2023,CB,Broncos,1,0
Damarion Williams,2023,CB,Ravens,2,0
Damar Hamlin,2023,S,Bills,3,0
Dalvin Tomlinson,2023,DT,Browns,2,0
Dalvin Cook,2023,RB,Jets,1,0
Dalton Schultz,2023,TE,Texans,5,0
Dalton Risner,2023,G,Vikings,1,0
Dallis Flowers,2023,CB,Colts,2,0
Dallas Goedert,2023,TE,Eagles,5,0
Daiyan Henley,2023,LB,Chargers,3,0
DaVon Hamilton,2023,DT,Jaguars,3,0
DaQuan Jones,2023,DT,Bills,3,0
DK Metcalf,2023,WR,Seahawks,9,0
Cameron Sutton,2023,CB,Lions,2,0
Cameron Mitchell,2023,CB,Browns,2,0
Jonathan Taylor,2023,RB,Titans,1,0
Anfernee Jennings,2023,LB,Patriots,2,0
Anton Harrison,2023,T,Jaguars,2,0
Antoine Winfield Jr.,2023,S,Buccaneers,2,0
Antoine Green,2023,WR,Lions,1,0
Anthony Walker,2023,LB,Browns,11,0
Anthony McFarland,2023,RB,Steelers,4,0
Anthony Kendall,2023,CB,Titans,7,0
Anthony Johnson Jr.,2023,S,Packers,1,0
Anthony Johnson Jr.,2023,CB,Packers,1,0
Anthony Bradford,2023,G,Seahawks,10,0
Andy Dalton,2023,QB,Panthers,1,0
Antonio Hamilton,2023,CB,Cardinals,6,0
Andrew Wylie,2023,T,Commanders,1,0
Andrew Wingard,2023,S,Jaguars,2,0
Andrew Van Ginkel,2023,LB,Dolphins,5,0
Andrew Thomas,2023,T,Giants,10,0
Andrew Thomas,2023,T,Falcons,1,0
Andrew Beck,2023,FB,Texans,4,0
Andrei Iosivas,2023,WR,Bengals,2,0
Andre James,2023,C,Raiders,4,0
Andre Cisco,2023,S,Jaguars,6,0
Antonio Gibson,2023,RB,Commanders,2,0
Antonio Johnson,2023,S,Jaguars,5,0
Ben Bartch,2023,G,49ers,1,0
Austin Trammell,2023,WR,Rams,1,0
Baron Browning,2023,LB,Jets,1,0
Bam Knight,2023,RB,Lions,1,0
Baker Mayfield,2023,QB,Buccaneers,5,0
BJ Thompson,2023,DE,Chiefs,1,0
B.J. Hill,2023,DT,Bengals,3,0
Azeez Ojulari,2023,DE,Giants,7,0
Azeez Ojulari,2023,DE,Falcons,1,0
Azeez Al-Shaair,2023,LB,Titans,2,0
Avonte Maddox,2023,CB,Eagles,2,0
Austin Jackson,2023,T,Dolphins,4,0
Arden Key,2023,LB,Titans,2,0
Austin Hooper,2023,TE,Raiders,1,0
Austin Faoliu,2023,DT,Seahawks,2,0
Austin Ekeler,2023,RB,Chargers,5,0
Austin Corbett,2023,G,Panthers,4,0
Austin Corbett,2023,G,Dolphins,1,0
Ashtyn Davis,2023,S,Jets,1,0
Artie Burns,2023,CB,Seahawks,5,0
Arthur Maulet,2023,CB,Ravens,3,0
Arik Armstead,2023,DT,49ers,5,0
Andre Chachere,2023,S,Cardinals,2,0
Amon-Ra St. Brown,2023,WR,Panthers,1,0
Amon-Ra St. Brown,2023,WR,Lions,3,0
Aaron Rodgers,2023,QB,Jets,5,0
Akeem Davis-Gaither,2023,LB,Bengals,10,0
Akayleb Evans,2023,CB,Vikings,6,0
Ahkello Witherspoon,2023,CB,Rams,2,0
Adrian Amos,2023,S,Texans,1,0
Adrian Amos,2023,S,Jets,1,0
Adam Thielen,2023,WR,Panthers,11,0
Adam Prentice,2023,FB,Saints,2,0
Adam Butler,2023,DT,Raiders,2,0
Abraham Lucas,2023,T,Seahawks,7,0
Aaron Jones,2023,RB,Packers,15,0
Amik Robertson,2023,CB,Raiders,3,0
Aaron Jones,2023,RB,49ers,1,0
Aaron Donald,2023,DT,Rams,12,0
Aaron Brewer,2023,G,Titans,4,0
Aaron Brewer,2023,DE,Titans,1,0
Aaron Brewer,2023,C,Titans,2,0
Aaron Banks,2023,G,49ers,7,0
AJ Dillon,2023,RB,Packers,7,0
A.J. Klein,2023,LB,Bills,2,0
A.J. Epenesa,2023,DE,Bills,4,0
Akeem Davis-Gaither,2023,LB,Colts,1,0
Alaric Jackson,2023,T,Eagles,1,0
Alaric Jackson,2023,T,Rams,3,0
Albert Okwuegbunam,2023,TE,Eagles,1,0
Amen Ogbongbemiga,2023,LB,Chargers,5,0
Ameer Speed,2023,CB,Colts,2,0
Ambry Thomas,2023,CB,49ers,4,0
Amare Barno,2023,LB,Panthers,3,0
Alvin Kamara,2023,RB,Saints,2,0
Alontae Taylor,2023,CB,Saints,1,0
Alohi Gilman,2023,S,Chargers,6,0
Allen Robinson,2023,WR,Steelers,2,0
Allen Lazard,2023,WR,Jets,3,0
Alex Wright,2023,DE,Browns,5,0
Alex Palczewski,2023,T,Broncos,2,0
Alex Highsmith,2023,LB,Steelers,2,0
Alex Cook,2023,S,Panthers,1,0
Alex Cappa,2023,G,Bengals,1,0
Alex Armah,2023,FB,Commanders,3,0
Alex Anzalone,2023,LB,Lions,2,0
Alec Pierce,2023,WR,Colts,2,0
Alec Ingold,2023,RB,Dolphins,1,0
Alec Ingold,2023,FB,Dolphins,7,0
Baylon Spector,2023,LB,Bills,4,0
Ben Cleveland,2023,G,Ravens,1,0
Cameron McGrone,2023,LB,Colts,1,0
Bryan Anger,2023,P,Cowboys,1,0
C.J. Beathard,2023,QB,Jaguars,4,0
Byron Young,2023,LB,Rams,2,0
Byron Young,2023,DT,Raiders,1,0
Byron Murphy,2023,CB,Vikings,3,0
Budda Baker,2023,S,Cardinals,2,0
Bud Dupree,2023,LB,Falcons,4,0
Bryce Young,2023,QB,Panthers,4,0
Bryan Cook,2023,S,Chiefs,4,0
Bryan Bresee,2023,DT,Saints,1,0
Broderick Washington,2023,DE,Ravens,1,0
C.J. Goodwin,2023,CB,Cowboys,1,0
Broderick Jones,2023,T,Steelers,1,0
Brock Wright,2023,TE,Lions,3,0
Britain Covey,2023,WR,Eagles,2,0
Brian Robinson,2023,RB,Commanders,4,0
Brian O'Neill,2023,T,Vikings,3,0
Brian O'Neill,2023,T,Chiefs,1,0
Brian Hoyer,2023,QB,Raiders,1,0
Brian Branch,2023,S,Lions,3,0
Brian Branch,2023,CB,Panthers,1,0
C.J. Gardner-Johnson,2023,S,Lions,2,0
Cade Mays,2023,G,Panthers,3,0
Ben Powers,2023,G,Broncos,2,0
Cam Jurgens,2023,G,Cardinals,1,0
Cameron Jordan,2023,DE,Saints,7,0
Cameron Johnston,2023,P,Texans,1,0
Cameron Heyward,2023,DT,Steelers,11,0
Cameron Brown,2023,LB,Giants,3,0
Cam Taylor-Britt,2023,CB,Bengals,5,0
Cam Smith,2023,CB,Dolphins,2,0
Cam Robinson,2023,T,Jaguars,3,0
Cam Lewis,2023,CB,Bills,4,0
Cam Jurgens,2023,G,Eagles,5,0
Cam Jones,2023,LB,Chiefs,1,0
Calais Campbell,2023,DE,Falcons,14,0
Cam Gill,2023,LB,Buccaneers,1,0
Calvin Throckmorton,2023,G,Panthers,2,0
Calvin Austin III,2023,WR,Steelers,1,0
Calvin Anderson,2023,T,Patriots,2,0
Calijah Kancey,2023,DT,Buccaneers,5,0
Calijah Kancey,2023,DE,Buccaneers,1,0
Caleb Murphy,2023,LB,Titans,1,0
Caleb Jones,2023,T,Packers,1,0
Caleb Farley,2023,CB,Titans,2,0
Brian Asamoah,2023,LB,Vikings,5,0
Brian Asamoah,2023,LB,Chiefs,1,0
Brian Allen,2023,C,Rams,13,0
Blake Gillikin,2023,P,Cardinals,1,0
Braden Smith,2023,T,Colts,12,0
Boye Mafe,2023,LB,Seahawks,4,0
Bobby Wagner,2023,LB,Seahawks,4,0
Bobby Price,2023,CB,Cardinals,3,0
Bobby Okereke,2023,LB,Giants,2,0
Bobby McCain,2023,S,Giants,2,0
Bobby Brown III,2023,DT,Rams,2,0
Blake Lynch,2023,LB,Chargers,1,0
Blake Grupe,2023,K,Saints,3,0
Blake Freeland,2023,T,Colts,1,0
Brian Allen,2023,C,Eagles,1,0
Blake Ferguson,2023,LS,Dolphins,1,0
Blake Cashman,2023,LB,Texans,9,0
Blaine Gabbert,2023,QB,Chiefs,1,0
Billy Turner,2023,T,Vikings,1,0
Billy Turner,2023,T,Jets,6,0
Bilal Nichols,2023,DT,Raiders,2,0
Benito Jones,2023,DT,Lions,2,0
Ben Skowronek,2023,WR,Rams,8,0
Ben Skowronek,2023,WR,Eagles,1,0
Bradley Bozeman,2023,C,Panthers,2,0
Bradley Chubb,2023,LB,Dolphins,1,0
Bradley Pinion,2023,P,Falcons,2,0
Bradley Roby,2023,CB,Eagles,4,0
Brevin Jordan,2023,TE,Texans,5,0
Brenton Strange,2023,TE,Jaguars,5,0
Brent Urban,2023,DE,Ravens,1,0
Brenden Schooler,2023,S,Patriots,1,0
Breece Hall,2023,RB,Jets,7,0
Braxton Jones,2023,T,Bears,2,0
Braxton Berrios,2023,WR,Giants,1,0
Braxton Berrios,2023,WR,Dolphins,5,0
Brandon Stephens,2023,CB,Ravens,1,0
Brandon Scherff,2023,G,Jaguars,4,0
Brandon Powell,2023,WR,Vikings,1,0
Brandon Johnson,2023,WR,Broncos,2,0
Brandon Facyson,2023,CB,Raiders,4,0
Brandon Bolden,2023,RB,Raiders,1,0
Brandon Aiyuk,2023,WR,49ers,2,0
Brandin Echols,2023,CB,Vikings,1,0
Brandin Echols,2023,CB,Jets,2,0
Brandin Cooks,2023,WR,Cowboys,8,0
Brady Russell,2023,TE,Seahawks,1,0
Daxton Hill,2023,S,Bengals,1,0
Dayo Odeyingbo,2023,DE,Colts,1,0
De'Jon Harris,2023,LB,Commanders,2,0
Jake Bobo,2023,WR,Seahawks,4,0
Jalen Carter,2023,DT,Eagles,3,0
Jakorian Bennett,2023,CB,Raiders,5,0
Jakorian Bennett,2023,CB,Packers,1,0
Jake Moody,2023,K,49ers,1,0
Jake Matthews,2023,T,Falcons,4,0
Jake Hansen,2023,LB,Texans,5,0
Jake Haener,2023,QB,Saints,1,0
Jake Curhan,2023,T,Seahawks,2,0
Jake Browning,2023,QB,Bengals,3,0
Jaire Alexander,2023,CB,Packers,13,0
Jalen Guyton,2023,WR,Chargers,5,0
Jaire Alexander,2023,CB,49ers,1,0
Jahmyr Gibbs,2023,RB,Panthers,1,0
Jahmyr Gibbs,2023,RB,Lions,2,0
Jahlani Tavai,2023,LB,Patriots,1,0
Jahan Dotson,2023,WR,Commanders,2,0
Jaelyn Duncan,2023,T,Titans,1,0
Jaelan Phillips,2023,LB,Giants,1,0
Jaelan Phillips,2023,LB,Dolphins,6,0
Jadeveon Clowney,2023,LB,Ravens,4,0
Jalen Davis,2023,CB,Bengals,2,0
Jalen Hurts,2023,QB,Eagles,2,0
Jameson Williams,2023,WR,Lions,1,0
James Conner,2023,RB,Cardinals,3,0
James Pierre,2023,CB,Steelers,5,0
James Mitchell,2023,TE,Panthers,1,0
James Mitchell,2023,TE,Lions,3,0
James Hurst,2023,T,Saints,5,0
James Hurst,2023,G,Saints,1,0
James Hudson,2023,T,Browns,3,0
James Houston,2023,LB,Lions,2,0
James Daniels,2023,G,Steelers,4,0
James Cook,2023,RB,Bills,2,0
Jamal Agnew,2023,WR,Jaguars,4,0
Jalen Mills,2023,CB,Patriots,1,0
Jamal Adams,2023,WR,Seahawks,1,0
Jamal Adams,2023,S,Seahawks,15,0
Jamaal Williams,2023,RB,Saints,3,0
Jalyn Holmes,2023,DE,Jets,1,0
Jalin Hyatt,2023,WR,Giants,1,0
Jalen Tolbert,2023,WR,Cowboys,2,0
Jalen Thompson,2023,S,Cardinals,6,0
Jalen Ramsey,2023,CB,Dolphins,6,0
Jalen Pitre,2023,S,Texans,3,0
Jacoby Brissett,2023,QB,Commanders,1,0
Jacob Bobenmoyer,2023,LS,Raiders,1,0
Jackson Carman,2023,T,Bengals,2,0
Hunter Luepke,2023,RB,Cowboys,1,0
Isaiah Buggs,2023,DT,Lions,3,0
Isaac Seumalo,2023,G,Steelers,12,0
Irvin Charles,2023,WR,Jets,2,0
Irv Smith,2023,TE,Colts,1,0
Irv Smith,2023,TE,Bengals,2,0
Ikem Ekwonu,2023,T,Panthers,2,0
Ihmir Smith-Marsette,2023,WR,Panthers,1,0
Ifeatu Melifonwu,2023,S,Lions,4,0
Ian Thomas,2023,TE,Panthers,4,0
Hunter Long,2023,TE,Rams,4,0
Jack Stoll,2023,TE,Eagles,4,0
Hunter Henry,2023,TE,Patriots,4,0
Hjalte Froholdt,2023,C,Bengals,1,0
Hendon Hooker,2023,QB,Lions,3,0
Hassan Ridgeway,2023,DT,Texans,1,0
Harrison Smith,2023,S,Vikings,1,0
Harrison Smith,2023,S,Chiefs,1,0
Harrison Phillips,2023,DT,Vikings,2,0
Harrison Butker,2023,K,Chiefs,1,0
Harrison Bryant,2023,TE,Browns,2,0
Isaiah Foskey,2023,DE,Saints,6,0
Isaiah McDuffie,2023,LB,Packers,1,0
Isaiah McKenzie,2023,WR,Colts,1,0
Isaiah Oliver,2023,CB,49ers,1,0
Jack Sanborn,2023,LB,Bears,1,0
Jack Jones,2023,CB,Raiders,2,0
Jack Jones,2023,CB,Patriots,3,0
Jack Gibbens,2023,LB,Titans,4,0
Jack Conklin,2023,T,Browns,1,0
Jack Cochrane,2023,LB,Rams,1,0
Jack Anderson,2023,C,Colts,2,0
Jabrill Peppers,2023,S,Patriots,3,0
Ja'Whaun Bentley,2023,LB,Patriots,7,0
Ja'Sir Taylor,2023,CB,Chargers,2,0
Ja'Marr Chase,2023,WR,Bengals,4,0
JT Woods,2023,S,Chargers,4,0
J.T. Gray,2023,S,Saints,5,0
J.J. Russell,2023,LB,Buccaneers,1,0
J.C. Jackson,2023,CB,Patriots,1,0
Ivan Pace Jr.,2023,LB,Vikings,2,0
Israel Abanikanda,2023,RB,Jets,3,0
Isaiah Spiller,2023,RB,Chargers,1,0
Isaiah Simmons,2023,LB,Giants,2,0
James Smith-Williams,2023,DE,Commanders,8,0
Jameson Williams,2023,WR,Panthers,1,0
De'Von Achane,2023,RB,Dolphins,10,0
Joe Noteboom,2023,T,Eagles,1,0
John Jenkins,2023,DT,Raiders,1,0
John Franklin-Myers,2023,DE,Jets,7,0
John Cominsky,2023,DE,Lions,1,0
Joey Porter Jr.,2023,CB,Steelers,1,0
Joey Bosa,2023,DE,Chargers,9,0
A.J. Brown,2023,WR,Eagles,3,0
Joel Bitonio,2023,G,Browns,17,0
Joe Tippmann,2023,C,Jets,5,0
Joe Noteboom,2023,T,Rams,8,0
Joe Mixon,2023,RB,Bengals,2,0
John Metchie III,2023,WR,Texans,5,0
Joe Jones,2023,LB,Titans,1,0
Joe Flacco,2023,QB,Browns,3,0
Joe Burrow,2023,QB,Bengals,5,0
Joe Bachie,2023,LB,Bengals,2,0
JoJo Domann,2023,LB,Titans,1,0
Jimmy Graham,2023,TE,Saints,12,0
Jimmy Garoppolo,2023,QB,Packers,1,0
Jimmie Ward,2023,S,Texans,13,0
Ji'Ayir Brown,2023,S,49ers,1,0
John Johnson,2023,S,Rams,1,0
John Michael Schmitz,2023,C,Falcons,1,0
Jamie Gillan,2023,P,Giants,3,0
Jonah Williams,2023,DE,Rams,1,0
Jonathan Taylor,2023,RB,Colts,4,0
Jonathan Owens,2023,S,Packers,5,0
Jonathan Ledbetter,2023,DE,Cardinals,6,0
Jonathan Ledbetter,2023,DE,Bengals,1,0
Jonathan Jones,2023,CB,Patriots,12,0
Jonathan Greenard,2023,DE,Texans,6,0
Jonathan Bullard,2023,DT,Vikings,1,0
Jonathan Allen,2023,DT,Commanders,7,0
Jonah Williams,2023,T,Bengals,2,0
Jonah Jackson,2023,G,Lions,8,0
John Michael Schmitz,2023,C,Giants,5,0
Jon Runyan,2023,G,Packers,2,0
Jon Runyan,2023,G,49ers,1,0
Jon Feliciano,2023,C,49ers,1,0
Johnny Mundt,2023,TE,Vikings,1,0
Johnny Hekker,2023,P,Panthers,2,0
Johnathan Hankins,2023,DT,Cowboys,8,0
Johnathan Hankins,2023,DT,Broncos,1,0
John Simpson,2023,G,Ravens,2,0
John Ridgeway,2023,DT,Commanders,2,0
Jesse Luketa,2023,LB,Cardinals,3,0
Jesper Horsted,2023,TE,Raiders,2,0
Jerry Jeudy,2023,WR,Jets,1,0
Jason Pinnock,2023,S,Giants,1,0
Jaycee Horn,2023,CB,Panthers,7,0
Jay Tufele,2023,DT,Bengals,1,0
Jaxon Smith-Njigba,2023,WR,Seahawks,3,0
Jawaan Taylor,2023,T,Chiefs,2,0
Javonte Williams,2023,RB,Jets,1,0
Javonte Williams,2023,RB,Broncos,1,0
Javon Hargrave,2023,DT,49ers,5,0
Jauan Jennings,2023,WR,Cowboys,1,0
Jason Taylor II,2023,S,Rams,2,0
Jason Peters,2023,T,Seahawks,2,0
Jerry Jeudy,2023,WR,Broncos,6,0
Jason Cabinda,2023,FB,Panthers,1,0
Jason Cabinda,2023,FB,Lions,3,0
Jason Brownlee,2023,WR,Jets,3,0
Jashaun Corbin,2023,RB,Giants,2,0
Jarrick Bernard-Converse,2023,S,Vikings,1,0
Jarran Reed,2023,DT,Seahawks,10,0
Jaquelin Roy,2023,DT,Vikings,1,0
Jammie Robinson,2023,S,Panthers,1,0
Jamin Davis,2023,LB,Commanders,1,0
Jayden Reed,2023,WR,Packers,7,0
Jaylen Watson,2023,CB,Chiefs,5,0
Jaylen Watson,2023,CB,Rams,1,0
Jaylinn Hawkins,2023,S,Chargers,1,0
Jerry Jacobs,2023,CB,Lions,5,0
Jerry Hughes,2023,DE,Texans,3,0
Jerrick Reed II,2023,S,Seahawks,2,0
Jerome Ford,2023,RB,Browns,7,0
Jerome Baker,2023,LB,Dolphins,1,0
Jermaine Johnson II,2023,LB,Jets,2,0
Jermaine Eluemunor,2023,T,Raiders,2,0
Jerick McKinnon,2023,RB,Chiefs,8,0
Jeremy Chinn,2023,S,Panthers,3,0
Jeremiah Ledbetter,2023,DE,Jaguars,1,0
Jeffery Simmons,2023,DT,Titans,6,0
Jeffery Simmons,2023,DT,Lions,1,0
Jeff Wilson,2023,RB,Dolphins,2,0
Jeff Okudah,2023,CB,Falcons,5,0
Jedrick Wills,2023,T,Browns,4,0
Jayron Kearse,2023,S,Cowboys,5,0
Jaylon Jones,2023,CB,Colts,1,0
Jaylon Jones,2023,CB,Bears,1,0
Jaylon Johnson,2023,CB,Bears,3,0
Harold Landry,2023,LB,Titans,3,0
Halapoulivaati Vaitai,2023,G,Panthers,1,0
Halapoulivaati Vaitai,2023,G,Lions,4,0
Devin Harper,2023,LB,Bengals,3,0
Divine Deablo,2023,LB,Raiders,5,0
Diontae Johnson,2023,WR,Steelers,6,0
Dion Dawkins,2023,T,Bills,2,0
Dillon Radunz,2023,T,Titans,2,0
Dexter Lawrence,2023,DT,Giants,9,0
Devonte Wyatt,2023,DE,Packers,4,0
Devon Witherspoon,2023,CB,Seahawks,5,0
Devin White,2023,LB,Buccaneers,9,0
Devin Lloyd,2023,LB,Jaguars,3,0
Devin Duvernay,2023,WR,Ravens,3,0
Donovan Peoples-Jones,2023,WR,Lions,2,0
Devin Bush,2023,LB,Seahawks,2,0
Deven Thompkins,2023,WR,Buccaneers,1,0
Desmond Ridder,2023,QB,Falcons,1,0
Desjuan Johnson,2023,DT,Eagles,1,0
Deshaun Watson,2023,QB,Browns,6,0
Derwin James,2023,S,Chargers,3,0
Derrick Henry,2023,RB,Titans,13,0
Derrick Henry,2023,RB,Lions,1,0
Derrick Brown,2023,DE,Panthers,1,0
Donald Parham,2023,TE,Chargers,5,0
Donovan Smith,2023,T,Chiefs,8,0
Gus Edwards,2023,RB,Ravens,2,0
Drew Dalman,2023,C,Falcons,4,0
Dylan Cole,2023,LB,Bears,3,0
Dwayne Washington,2023,RB,Broncos,3,0
Dustin Hopkins,2023,K,Browns,4,0
Duron Harmon,2023,S,Browns,1,0
Durham Smythe,2023,TE,Dolphins,7,0
Duane Brown,2023,T,Jets,9,0
Drue Tranquill,2023,LB,Rams,1,0
Drew Sample,2023,TE,Bengals,2,0
Drew Lock,2023,QB,Seahawks,1,0
Dre'Mont Jones,2023,DE,Seahawks,4,0
Donovan Wilson,2023,S,Cowboys,4,0
Dre Greenlaw,2023,LB,Cowboys,1,0
Dre Greenlaw,2023,LB,49ers,8,0
Drake London,2023,WR,Falcons,2,0
Drake Jackson,2023,DE,49ers,1,0
Doug Kramer,2023,C,Bears,2,0
Dorian Williams,2023,LB,Bills,3,0
Dorance Armstrong,2023,DE,Cowboys,1,0
Donte Jackson,2023,CB,Panthers,3,0
Donte Jackson,2023,CB,Dolphins,1,0
Derrick Barnes,2023,LB,Lions,2,0
Derrek Pitts,2023,CB,Buccaneers,2,0
Derion Kendrick,2023,CB,Rams,1,0
DeShawn Williams,2023,DE,Dolphins,1,0
Dee Delaney,2023,CB,Buccaneers,1,0
Dee Alford,2023,CB,Falcons,2,0
Deatrich Wise,2023,DE,Patriots,6,0
Deane Leonard,2023,CB,Chargers,8,0
Dean Lowry,2023,DE,Vikings,3,0
DeVonta Smith,2023,WR,Eagles,7,0
DeShon Elliott,2023,S,Giants,1,0
DeShawn Williams,2023,DT,Panthers,1,0
DeShawn Williams,2023,DE,Panthers,3,0
DeMarcus Walker,2023,DE,Bears,2,0
Derick Hall,2023,LB,Seahawks,5,0
DeMarcco Hellams,2023,S,Falcons,2,0
DeForest Buckner,2023,DT,Titans,1,0
DeForest Buckner,2023,DT,Colts,10,0
DeAndre Houston-Carson,2023,S,Texans,1,0
DeAndre Hopkins,2023,WR,Titans,15,0
DeAndre Hopkins,2023,WR,Lions,1,0
DeAndre Carter,2023,WR,Raiders,2,0
De'Vondre Campbell,2023,LB,Packers,9,0
De'Vondre Campbell,2023,LB,49ers,1,0
DeeJay Dallas,2023,RB,Seahawks,3,0
Deebo Samuel Sr.,2023,WR,49ers,5,0
Deebo Samuel Sr.,2023,WR,Cowboys,1,0
Del'Shawn Phillips,2023,LB,Ravens,1,0
Derek Stingley Jr.,2023,CB,Texans,2,0
Derek Barnett,2023,DE,Eagles,1,0
Deonte Harty,2023,WR,Bills,1,0
Deonte Banks,2023,CB,Giants,4,0
Deon Bush,2023,S,Chiefs,1,0
Deommodore Lenoir,2023,CB,49ers,1,0
Denzel Ward,2023,CB,Browns,9,0
Denzel Perryman,2023,LB,Texans,9,0
Denzel Perryman,2023,DT,Texans,1,0
Dennis Gardeck,2023,LB,Cardinals,1,0
Dennis Daley,2023,T,Cardinals,1,0
Dennis Daley,2023,T,Bengals,1,0
Denico Autry,2023,DE,Titans,13,0
Denico Autry,2023,DE,Lions,1,0
Demetrius Flannigan-Fowles,2023,LB,49ers,5,0
Demario Davis,2023,LB,Saints,4,0
Demarcus Lawrence,2023,DE,Cowboys,8,0
Demarcus Lawrence,2023,DE,Broncos,1,0
Delarrin Turner-Yell,2023,S,Broncos,1,0
Dylan Horton,2023,DE,Texans,2,0
Dylan Parham,2023,G,Raiders,2,0
E.J. Speed,2023,LB,Colts,2,0
Garrett Williams,2023,CB,Cardinals,4,0
George Karlaftis,2023,DE,Rams,1,0
George Karlaftis,2023,DE,Chiefs,2,0
George Fant,2023,T,Texans,11,0
Geoff Swaim,2023,TE,Cardinals,2,0
Geno Stone,2023,S,Ravens,1,0
Geno Smith,2023,QB,Seahawks,5,0
Gary Brightwell,2023,RB,Giants,5,0
Gary Brightwell,2023,RB,Falcons,1,0
Garrett Wilson,2023,WR,Jets,2,0
Garrett Williams,2023,CB,Bengals,1,0
Frank Clark,2023,LB,Broncos,4,0
Garrett Bradbury,2023,C,Vikings,3,0
Garrett Bradbury,2023,C,Chiefs,1,0
Garett Bolles,2023,T,Broncos,3,0
Gabe Davis,2023,WR,Bills,1,0
Frankie Luvu,2023,LB,Panthers,6,0
Frankie Luvu,2023,LB,Dolphins,1,0
Frank Ragnow,2023,C,Panthers,1,0
Frank Ragnow,2023,C,Lions,16,0
Frank Clark,2023,LB,Seahawks,3,0
George Kittle,2023,TE,49ers,3,0
George Odum,2023,S,49ers,2,0
George Pickens,2023,WR,Steelers,2,0
Gerald Everett,2023,TE,Chargers,7,0
Grover Stewart,2023,DT,Colts,4,0
Gregory Junior,2023,CB,Jaguars,3,0
Greg Zuerlein,2023,K,Jets,4,0
Greg Van Roten,2023,G,Raiders,3,0
Greg Rousseau,2023,DE,Bills,3,0
Greg Newsome II,2023,CB,Browns,8,0
Greg Joseph,2023,K,Vikings,1,0
Greg Dulcich,2023,TE,Broncos,7,0
Greg Dortch,2023,WR,Cardinals,3,0
Grayland Arnold,2023,S,Texans,2,0
Grant Stuard,2023,LB,Colts,1,0
Grant Delpit,2023,S,Browns,6,0
Graham Glasgow,2023,G,Lions,1,0
Graham Gano,2023,K,Giants,4,0
Giovanni Ricci,2023,TE,Panthers,1,0
Giovanni Ricci,2023,TE,Dolphins,1,0
Gervarrius Owens,2023,S,Giants,2,0
Geron Christian,2023,T,Browns,4,0
Germaine Pratt,2023,LB,Bengals,1,0
Frank Clark,2023,LB,Jets,1,0
Foster Moreau,2023,TE,Saints,3,0
Ed Ingram,2023,G,Vikings,2,0
Elijah Mitchell,2023,RB,49ers,6,0
Emmanuel Moseley,2023,CB,Lions,5,0
Emmanuel Forbes,2023,CB,Commanders,6,0
Emari Demercado,2023,RB,Cardinals,5,0
Emanuel Wilson,2023,RB,Packers,4,0
Elijah Wilkinson,2023,G,Cardinals,4,0
Elijah Riley,2023,S,Steelers,1,0
Elijah Molden,2023,CB,Titans,3,0
Elijah Molden,2023,CB,Lions,1,0
Elijah Mitchell,2023,RB,Cowboys,1,0
Elijah Higgins,2023,TE,Cardinals,1,0
Foley Fatukasi,2023,DT,Jaguars,4,0
Elijah Campbell,2023,S,Dolphins,5,0
Eli Ricks,2023,CB,Eagles,1,0
Eli Apple,2023,CB,Dolphins,1,0
Elgton Jenkins,2023,G,Packers,14,0
Elgton Jenkins,2023,G,49ers,1,0
Elandon Roberts,2023,LB,Steelers,5,0
Efe Obada,2023,DE,Commanders,2,0
Eddie Jackson,2023,S,Bears,8,0
Ed Oliver,2023,DT,Bills,2,0
Emmanuel Moseley,2023,CB,Panthers,1,0
Emmanuel Ogbah,2023,DE,Dolphins,1,0
Equanimeous St. Brown,2023,WR,Bears,6,0
Eric Garror,2023,CB,Titans,1,0
Fletcher Cox,2023,DT,Eagles,6,0
Fletcher Cox,2023,DT,Cardinals,1,0
Ezra Cleveland,2023,G,Vikings,2,0
Ezra Cleveland,2023,G,Jaguars,4,0
Ezekiel Elliott,2023,RB,Patriots,3,0
Evan Neal,2023,T,Giants,10,0
Evan Neal,2023,T,Falcons,1,0
Evan Brown,2023,C,Seahawks,7,0
Ethan Pocic,2023,C,Browns,5,0
Ethan Evans,2023,P,Rams,1,0
Ernest Jones,2023,LB,Rams,8,0
Erik McCoy,2023,C,Saints,4,0
Erik Ezukanma,2023,WR,Dolphins,1,0
Eric Stokes,2023,CB,Packers,5,0
Eric Stokes,2023,CB,49ers,1,0
Eric Murray,2023,S,Texans,1,0
Eric Kendricks,2023,LB,Chargers,5,0
Eric Johnson,2023,DT,Colts,3,0
Eric Gray,2023,RB,Giants,1,0
Zion Johnson,2023,G,Chargers,3,0
